10000 8000
23768.27018
9076.22120
28400.12088
5066.7927
9758.31732
19492.12880
17724.28366
1265.29477
7345.4126
13631.5092
31327.21525
14170.21082
6213.11713
26009.22461
5548.1555
3692.18061
21026.11179
3818.16708
26668.7346
19682.31769
15282.14743
26479.30983
29936.7889
11186.391
2222.23276
3503.7180
20625.1333
7018.21419
29318.15316
17312.7620
27139.17117
13955.619
1992.6810
17215.19191
4342.18543
28803.19050
10335.9630
29500.23929
7977.6716
17964.22632
13752.17729
29803.12848
2396.10714
11665.4523
29727.24719
26234.23099
14935.4330
12727.30077
7122.26279
7394.16112
13401.31011
8288.9311
1375.11412
3855.28235
28627.930
6442.25233
1847.1070
17444.22800
17534.5986
6602.13254
8319.4260
23646.24513
20865.2597
8469.22527
2811.18105
29352.21785
30937.19192
2487.13065
8377.3990
19951.3394
31888.2260
23548.18931
20091.19523
3282.22283
27385.12863
15706.17829
17750.6519
25918.11484
13384.16502
25172.3010
24749.1429
14252.378
21657.16773
30556.29177
14986.23544
3052.24738
25367.21352
20424.27984
14007.20544
17868.29459
3651.23727
17550.7647
22312.20017
21572.22106
28920.10197
9756.11735
24601.19356
5713.25490
12111.18876
30220.31180
22835.635
4073.10502
4293.8293
20043.8154
29027.32040
6372.21002
22846.14586
6224.26836
20758.4368
8127.3114
12745.32754
13601.24847
16251.11881
22805.12223
12140.23847
6036.19442
32582.2139
8314.16410
6001.13923
26313.28378
27594.13112
12650.19488
10022.13672
17616.18410
7612.8705
25606.2839
27762.31383
30187.20418
12007.28760
24463.19954
27660.9759
26656.5116
26790.24634
26554.9163
26078.1404
9891.2828
16946.32473
27940.10201
5701.15879
6661.5847
21491.6898
11126.12623
18350.29888
29650.1553
25658.23138
2472.10006
18646.13009
14265.8258
10602.322
9693.32696
25890.14108
11775.5589
7036.18181
22332.9783
11606.4876
20517.24123
14510.6487
1483.20258
24030.14663
16119.530
19160.17137
22933.4739
23265.15085
9139.18561
27368.26928
4156.16662
15534.31128
12025.6672
14807.30967
24288.2524
22585.6438
13609.20308
6336.12020
9095.31120
16853.4441
30208.5202
14403.746
838.25168
14288.11179
24213.10810
3149.31038
9203.17561
5235.25386
16263.1856
23443.8390
9412.6677
26123.8247
6274.1081
27851.8719
15018.24266
10232.13333
10483.24414
5052.11328
16500.18828
11701.10725
23713.5879
29498.20749
31014.7615
8949.17991
2585.29601
13857.23087
8789.4961
4710.32655
22799.30218
26099.13609
26663.20569
21321.6618
8489.9999
6659.19249
5997.18266
1603.30911
15836.15603
19687.1857
31816.528
15636.2280
29215.27267
16989.26823
17926.1833
7491.4057
28110.9302
622.4579
22280.14639
12799.10405
12580.29418
16449.31166
18186.30308
566.32467
20443.936
20867.3103
9449.17095
29707.4831
30282.29786
16574.27247
9050.4779
4478.17643
4950.10004
24948.4933
1148.8499
23079.30924
5102.32249
2498.5132
11573.22597
28892.4606
16191.21104
26377.4793
10988.15021
1627.27282
8729.177
11413.26901
12120.28567
23919.29819
20145.32497
10994.6633
18198.31126
13130.321
12059.20857
13624.14430
23910.18162
18377.9234
16910.4078
25845.11903
23630.8158
11093.15791
26114.12385
16404.13070
12824.17689
16893.26524
2013.30962
27502.5660
6229.5652
29136.9121
12552.20647
32395.23980
32377.5315
14810.8459
15412.5940
23829.19442
23396.21768
12661.25296
18071.14708
28135.3983
859.18317
25445.28260
18619.15130
21817.29945
2205.25262
15948.15204
26866.21433
32123.24943
13733.1623
11270.14859
22183.17643
16182.12551
81.24500
13191.2824
30262.7777
22728.32329
21973.26425
22990.1228
7660.13968
2684.8868
30351.8211
8980.1990
32434.1872
12910.9363
30405.16060
19960.30734
9176.24256
3950.6025
25828.26761
14053.3917
30375.28510
5926.23898
2966.13896
14091.6709
10234.6893
25276.31495
14451.23253
3892.14470
6654.17835
30068.23424
29788.16231
13914.22073
7399.12979
4505.22931
3209.28928
10935.6353
6335.10286
24324.14817
20799.3218
10363.5126
6371.20370
29575.27586
557.22259
23953.23858
10100.5333
24686.18882
29702.7949
16572.1690
26929.14839
26142.29970
2817.23720
22143.23224
1605.2517
1772.10948
2291.15499
7955.14236
6112.16380
22354.23672
26385.23020
1600.7454
16268.5816
28989.32006
26501.14550
20668.22322
11710.9430
8326.3632
22884.24381
7473.14856
17011.601
30747.32138
22139.6014
19945.22267
26358.1542
5025.29193
30961.15501
15224.26993
24404.20518
19188.23592
10144.20655
3258.6127
22166.25527
18090.12225
1176.3716
25193.19182
21536.32061
5621.15093
2973.10710
25218.28133
9601.11473
10961.10070
2016.21545
2287.26690
30099.9820
29295.22357
9608.6693
2034.6025
16960.24141
30276.30964
19190.23282
27111.13090
17334.17701
6241.2805
12773.22519
6268.2468
24823.17554
31504.8510
31963.2284
29081.24560
8355.183
11832.6599
8952.14552
4303.8785
9565.80
4086.14634
16186.17778
7958.24905
29652.14992
7103.30391
19612.22878
16076.13475
23164.7200
18377.11110
12751.20040
27145.4531
28729.29596
20170.22016
18710.16090
22972.15156
25771.5251
25671.23284
20903.18705
19600.28210
10838.22459
19034.2015
8014.30015
6553.5029
15193.18153
28303.2751
12083.25590
9214.11316
10732.13009
21992.24089
15437.25223
22704.22095
31194.1117
27913.4224
4363.25753
15263.23177
15294.21946
8489.26510
11682.28084
2832.29281
21410.29253
1423.12001
2037.23148
14786.28832
17026.20665
17486.18360
17525.15849
14570.25148
32284.21171
9196.1436
6549.18656
18000.12502
19022.20386
23545.13037
2743.18630
10152.11585
22295.1701
467.14834
29711.30333
7134.11284
7023.30812
13213.5732
3200.21975
6534.12865
17231.17147
19499.18023
2527.5681
2837.14832
20055.19823
21098.5527
30577.20915
2298.28456
12684.25095
14662.4484
19537.10572
26613.31690
11699.389
8473.30083
12779.20085
5781.30751
4517.10633
28631.2796
13059.23667
12056.24607
23573.10348
23262.3081
3986.27093
2272.23783
16400.7398
24041.14113
4005.27996
32259.16210
11951.20489
13064.26756
6966.3708
23534.9052
10471.8775
16208.7670
3310.19715
11696.12326
12196.30125
15873.28445
28003.5258
2890.18508
15227.20010
28449.10656
2653.8344
13397.7949
20961.6363
32572.10348
24993.8231
26664.28518
24173.29649
17165.18679
21193.21827
29629.3505
32179.12906
7078.26089
17076.6564
27499.29975
4147.8703
986.27964
3452.5119
13750.591
23406.10391
16078.7515
3742.5201
5519.31554
19871.24091
18007.5742
3116.22025
24328.7716
2153.24348
15004.20862
12583.23321
17723.25251
11309.4527
8648.31913
14075.17404
31571.17344
28176.17557
22729.376
17205.21803
2423.3290
31041.25839
28362.14547
12174.24343
21713.24416
16504.30026
5324.4715
21322.28352
25273.4229
31793.12588
18788.6274
32579.19419
14313.19452
262.32506
31156.21231
5138.15910
15054.2410
31708.32294
13377.11162
18681.21527
5342.26138
6357.23740
30036.16018
23807.10835
6120.8985
31748.25030
30469.27763
23970.11522
25904.24855
11670.27461
18904.18469
23487.150
31397.30445
17321.21315
15009.1055
26044.31137
27334.16921
23690.18448
3625.5088
7582.14657
2649.22885
23852.26671
19620.23592
18095.31385
23876.10498
20091.22601
14739.13155
22245.4157
22683.12210
27214.41
12837.6772
9308.22009
4897.10114
6649.6133
8259.25140
30177.30987
15175.11120
32343.7528
32014.28350
23178.8786
13287.22120
46.16857
22961.4982
20491.472
19193.108
19374.30377
24064.14532
32624.29690
21291.13323
14190.8089
21196.28039
30799.21047
28153.27866
32373.4650
8236.7925
11708.22254
29999.9767
12145.28246
20675.14372
4452.6720
2630.4405
10804.7594
29221.14006
20503.17507
18135.14011
28953.31464
11815.21116
17341.21313
30478.7609
20413.17115
4469.19710
23459.4931
12305.22596
4724.8658
9761.20246
21420.23048
5636.10036
29255.15473
15969.14113
28591.15950
1098.28265
29896.3407
24311.3232
26000.10204
32627.22366
30883.15662
8552.18657
24451.21622
12436.9340
18325.17396
12371.1506
28733.10854
5015.938
17552.28706
2381.8615
19927.17289
13413.8246
25608.9087
16190.4273
25362.5743
13878.25941
402.1161
23949.26169
13191.12013
29430.4639
12350.18646
23513.13583
7473.11605
26099.20170
4062.11782
8579.8346
27754.32217
23706.9132
18539.10645
4548.9149
5459.372
17543.32629
23426.25356
4677.32575
25034.18340
17048.32071
20396.29514
19500.18960
30799.91
23103.1421
26986.19385
24579.3104
9424.21169
9443.20282
13072.23952
16893.30992
8502.23057
13302.6067
1512.32650
20094.1985
7382.31798
30297.13947
535.13272
17309.2128
18804.6215
17705.4508
16185.25481
797.4136
24654.8383
24287.26248
26465.9319
16480.25858
24377.9544
24459.20043
552.27906
10796.24314
17900.6865
26777.912
8180.31210
27083.15343
8073.14440
7358.14579
21314.19955
18559.10379
2569.11751
2215.12071
19801.1923
24228.8407
29576.29370
30012.3397
2587.18338
23037.19260
23558.22158
10660.28752
28191.17653
4376.644
8057.22892
18296.2034
183.16600
8778.26243
18539.23226
13035.22481
1654.13720
10183.15664
20426.28608
32580.26448
22056.25090
17179.11421
10572.23113
19187.32439
23153.7266
22578.11794
15398.28234
21771.2562
7914.20266
31676.13933
15819.11774
16298.19733
28480.2785
14091.18231
23909.20300
12405.30137
17000.21286
21701.4959
26219.2850
30895.28167
14364.14154
7118.13246
4802.24712
29161.10187
26074.11503
30951.995
1340.8034
25867.31974
7297.9913
19776.7067
845.19019
15159.446
2342.13221
10373.21180
16577.17658
6304.26910
16510.14269
22259.30290
17421.7052
16064.13908
2056.21578
1845.14874
2000.17988
597.5391
3721.25272
31611.12402
17383.23031
15893.16032
6610.1432
2282.18541
9307.31645
13262.16270
16651.27142
22703.32082
9262.20774
2145.30153
31799.15660
24291.27168
4945.12708
5955.22477
29277.27361
9582.31901
27741.7570
23056.28718
13624.24327
16581.12667
22931.26038
29601.3906
13935.28649
32067.25657
5015.5193
10314.10993
32765.30602
11219.19360
14536.30082
24182.18658
20660.389
26370.25497
17968.6678
24466.4542
24580.17189
11931.25486
9076.22165
7475.6168
16023.1365
2279.2593
17567.28226
25486.22884
13295.22077
4776.2615
13404.25553
25332.8115
25303.32263
28325.21686
4453.22313
29312.10579
6591.12281
9199.18192
27004.8899
31131.9613
11183.10638
22006.32098
24021.20247
23337.16336
20364.5716
21166.31312
31279.5798
10912.3668
27592.11841
341.18051
23855.3530
6216.12468
5276.29049
11007.4250
29393.19911
10039.30371
21222.1939
1650.6239
752.2719
24286.5559
2515.208
18763.7128
24785.443
20751.11875
3944.13651
3.22909
18771.20032
10796.20109
13978.11522
12017.6626
27061.14388
15055.9296
13337.26003
10824.22619
23168.6021
30703.12035
19668.13670
20034.27422
23713.13374
4625.8130
29201.20806
14025.29911
6705.19720
3206.23505
4753.22715
31411.30899
8827.15127
2446.26564
1847.18557
5817.20867
17141.8426
10090.16632
16382.16836
15340.29819
32323.27008
27742.29484
16598.29505
22789.30212
482.23156
32755.10594
30217.27039
3996.28169
25463.1436
4736.18636
7323.19866
2790.4821
3804.10500
22986.26317
1897.28856
27973.5155
19872.18101
10744.11033
5227.1461
18917.23645
20838.21648
19407.20268
29166.11287
22999.22616
1730.5871
21618.12404
3104.21239
12803.15104
19384.1282
14313.3470
12394.3527
2751.24806
24626.9369
20350.31706
10464.23493
6678.30066
29862.2873
25795.24374
18627.8663
27907.23729
9939.9020
24956.24786
17366.8143
25319.28314
15693.19714
7566.13067
15931.23234
28858.9545
23114.8342
16765.11774
6600.20389
5688.26134
10230.7529
26617.7960
31049.16502
17333.24157
8042.7480
21568.22752
5648.893
4399.2839
9839.5914
25371.23567
30116.27855
18891.24761
25158.22030
18958.21913
19259.2493
19154.15499
28374.16334
25762.24154
13303.24394
6369.24498
5599.5316
22798.6030
2703.1516
29266.23010
13559.9926
10017.1943
25625.29104
12931.18985
19577.4759
17861.12499
5884.29611
10591.8438
20357.6087
5458.5556
11180.2027
32320.14499
10700.26460
21757.18320
4347.2277
15437.8036
11805.18484
31953.16041
991.9449
5159.11687
10026.21958
7779.15986
21531.2818
20739.4392
1573.4623
19644.5803
32521.1385
5265.19712
15553.1873
24543.29024
28531.32564
15625.18843
16645.3771
26917.16602
12549.18713
21500.18158
23063.31055
19662.31775
3459.8725
32658.24698
22098.12151
21785.3805
19107.2103
23748.14797
32033.30073
1680.10589
20679.25720
25285.9437
8132.31832
10143.26694
1621.3639
11332.5734
28796.5463
29610.26610
25660.12625
24395.32283
1286.25269
25543.31478
6715.11996
28847.18779
9301.5304
17794.29233
12956.3736
4507.27204
10340.9560
28504.19203
441.11519
12268.22174
9216.2935
4988.3382
22216.21106
22928.27107
7056.20819
16895.12166
8870.29918
4662.2877
7039.613
805.14928
17148.5094
13007.15799
13349.5206
15928.11549
25792.8975
1739.17764
30023.6390
13750.31754
2417.4913
13168.28843
6182.2716
18449.24345
9862.17556
17140.7795
22719.3083
26828.17683
8067.7821
26850.3121
25381.10600
27731.24065
28297.4103
24535.7808
28544.21310
20381.13274
13086.10417
3657.975
11993.17391
1569.21700
21443.15174
23729.7288
26665.28518
2354.11890
3213.3735
7252.32676
9241.20351
18469.26642
26920.8591
6700.12897
24768.23825
18346.10410
26391.10417
19464.4323
8666.9417
21566.8283
3164.15589
16139.7092
22977.616
16227.22482
1806.27010
16222.30795
28042.17107
3104.23731
21354.5454
27406.21603
20468.15455
16188.15027
4968.20013
11194.13043
30456.12506
2409.14016
19320.32594
5865.5052
6911.16095
22440.19681
18145.32054
3714.15934
27028.26836
5989.11869
6179.9551
2343.5797
12733.271
16090.28850
5776.22388
12797.22362
1582.295
2625.5163
15221.5685
12310.27360
23519.16389
8353.14519
20954.6253
18577.28892
529.17316
6159.8002
28201.19193
3074.15031
13420.31038
32119.10678
5167.10724
29737.2629
23216.28284
31987.16336
30681.25258
9728.23863
6296.8147
14664.7629
17476.24941
10301.20432
31387.1723
5263.21513
2064.14729
21004.25450
24485.26361
20848.24471
11936.10673
29761.28721
21770.13676
1426.2944
5206.26321
10488.6218
19399.14828
16239.18131
23308.5051
5059.8463
12377.3682
3932.11232
30718.5778
28758.21667
26241.10772
29701.26290
30722.12266
16265.7099
3900.12169
31281.23294
5921.28788
31788.857
11847.22977
1014.31529
15558.31566
19725.14789
15862.12514
20078.26119
9544.24785
21258.2258
13331.12236
6980.4542
8970.19872
11567.18983
6308.20792
7655.10110
31658.8576
11394.10616
20059.32402
30509.16534
28610.16253
15489.30117
2156.13484
25384.8021
17567.7840
19214.20915
15095.24636
14133.28836
1175.2926
30967.15933
16744.21581
1424.31220
27001.2880
9995.14286
24723.25727
28169.4978
30097.12237
29326.3698
17485.10772
11443.22658
18552.32094
13864.16722
14279.18955
21861.13814
22373.24180
31253.27611
11661.5133
14967.16349
12908.25251
920.29098
1293.27294
29638.32468
18438.26088
12437.24861
20489.13673
17684.19331
30910.16439
19049.25171
26.23959
31538.26022
6929.13968
27001.15016
22139.15172
16878.13160
12374.23879
20188.5519
17123.3359
32127.31680
258.18831
29196.9668
17870.12134
10277.11090
6787.19596
21001.25602
24716.25869
15787.173
20558.25531
1127.20007
4382.18572
19243.23093
21629.6180
11833.14731
29086.25470
5729.3669
22178.31899
30855.24058
7168.29392
12393.17622
16134.18866
19213.19219
19806.16688
32100.7170
21098.3105
28014.1623
7511.6763
8903.13648
18695.2413
1574.15025
11268.14248
17755.1842
7064.24460
5050.25666
26357.9276
24722.1805
31523.19506
10941.14289
8714.22969
18814.18540
11623.14835
24183.19381
26867.28507
26455.23091
3787.14452
644.5079
31343.18435
17120.5154
21492.14930
10847.29297
23588.1701
32749.2200
11950.13339
1773.20796
867.7935
32110.23686
300.28239
27008.4501
27916.9013
22049.10532
2019.23617
28170.29543
26057.29921
12571.24794
12385.7265
20353.12166
1629.31181
18549.4996
22000.12362
10577.7378
12934.26423
7891.19706
17793.18769
1650.23634
2578.29893
5957.24126
6416.14527
20444.6753
9639.17469
20380.18529
30571.15323
807.2854
17333.13817
8081.10329
30700.17895
17376.24944
18526.541
10574.30393
17586.4087
19872.10721
1286.31072
14096.7976
25399.6046
6352.28138
16243.9847
30380.23484
23637.27691
16733.16047
26890.7372
736.14297
11769.7888
8845.11222
32400.9816
6300.21268
31597.24827
11490.25827
16795.1003
12591.27201
19389.27240
3070.22921
21647.6710
7131.13822
7259.32686
17630.7075
3580.20720
14228.23025
26934.14857
19775.6793
11313.17720
4088.27481
25841.11395
32034.11110
3457.6680
24610.11622
32011.13363
19919.28424
9355.28084
6798.32092
11545.29667
18294.13624
4557.26478
29111.31166
21955.29127
14010.23844
21084.23607
22521.3760
26022.25167
25900.4691
18535.3748
24992.29708
10212.13554
26606.14044
15798.523
25732.15442
3817.22808
20929.13372
11210.25803
25282.23212
19583.2243
4835.12156
24192.23624
25640.26626
19905.17561
29136.9317
11124.8369
20723.22246
14668.6977
28998.2699
22908.5508
2876.23705
10134.7094
9108.9604
17371.9038
31580.26258
28234.19795
27239.31703
22377.4100
8412.4362
25696.18718
16731.6206
28411.25095
17877.10511
22661.17558
18178.12878
11399.11717
30880.13656
27833.14838
12500.23091
18946.20395
8708.45
825.13825
29972.12013
21124.30978
5468.27206
2055.26379
5801.28617
27262.5125
26985.24596
13490.7367
15773.11331
2359.19557
20169.11898
14886.9740
5971.30488
30857.6891
27731.9089
16088.32130
29191.19348
21634.18971
8302.14016
16394.26391
27452.29491
11108.29561
7351.10404
11108.28723
18244.18446
16503.23067
1384.14738
22526.28742
26533.9258
30756.12656
22578.18587
13425.30306
12206.22028
9923.10959
22948.12073
29421.20727
8307.21004
25715.30698
12459.12058
17320.10089
23532.27500
28351.7257
28707.26838
16947.8940
16774.6205
20964.656
31483.31982
2902.29368
13450.212
17171.2532
28775.13026
29101.7027
22793.16894
5461.25437
2941.1538
13492.141
30584.3258
31655.28719
23806.6380
11932.23926
17966.9847
29722.21789
535.14153
17381.6606
23443.19038
216.22973
21076.5152
3886.25248
21192.2863
2732.9757
10655.9417
16088.22275
17169.13096
16501.12395
10499.20764
29641.27691
11960.1212
19902.3429
2679.28897
4016.3189
21155.9507
20597.4227
30296.29030
32077.24241
9214.15352
12438.16550
5286.16163
24415.31286
4780.3273
17292.31455
25631.8154
25445.7277
19355.24073
14291.16871
7897.17945
30613.22258
13225.20561
5454.21566
26469.27597
16831.762
26848.22999
31484.19499
987.14353
7935.17617
6800.19952
31764.11791
19989.3156
15415.9971
16733.17085
5006.25823
27838.12957
30201.31731
24299.9325
13369.24728
17488.8301
24112.24108
7380.26195
1980.10533
724.5904
12955.14376
8768.16231
30677.28533
11985.3277
19670.447
2738.14175
9871.714
7014.31855
26947.10049
9190.18836
20995.27400
20523.9414
6733.22191
2609.17807
922.30747
6470.1305
22607.10411
21664.11550
9122.30276
5392.4941
14246.6004
12533.15096
21064.4644
24803.22895
717.31966
627.19709
3574.22811
26226.25239
5508.10755
7234.1617
32092.26819
23979.2134
23851.9529
419.17326
19084.8096
31714.8928
15897.24280
19473.4008
25453.1933
22893.18978
15781.17442
18867.5581
208.438
8189.20855
24184.16832
12069.18849
16814.27368
1469.6618
27280.28491
833.1855
25886.10550
29013.20814
4736.3816
5024.18267
25996.19962
22411.16400
15407.779
9714.6301
17472.16692
6079.27968
725.25868
7850.17213
18246.7919
8332.5499
8848.21837
23568.1265
10970.7510
6022.864
21726.11271
7885.24735
4350.2413
7409.22901
10275.20666
13727.20421
21821.5837
5032.25770
25048.27342
21213.23933
25782.9320
14786.19347
19410.14286
26433.12624
8180.32115
17690.14061
11413.21787
25817.16270
4061.12112
30482.19621
6120.13910
29294.27533
11209.10917
29508.27943
14121.3951
18412.1462
30400.6853
6559.4757
9499.2035
31226.7896
21559.27847
12739.26001
30550.6950
10573.24809
6831.24590
4541.7871
18860.974
32728.24887
24311.15594
13390.5160
17158.21158
30409.10565
31959.1955
27203.24840
19560.24032
27852.31639
12655.19860
31204.31721
6298.18719
25704.7684
5172.838
29974.13239
12395.3854
11032.7574
2955.15255
23371.7494
26495.24578
30683.25234
30236.10291
4784.20449
2103.32557
743.19319
12069.30383
28836.23803
19782.21639
7499.31580
3999.29541
20.2001
19896.14105
27127.16974
21481.14109
23057.21414
26882.15377
9406.17333
23027.16913
15453.21634
16018.3989
1282.5517
6242.26374
16984.29590
23982.9419
11497.20972
3302.27293
1638.22501
23532.9669
23267.28696
3572.17040
12925.21801
20271.15673
8571.23908
25831.22480
22782.17578
20969.18342
27950.2464
25612.30951
9808.25220
29349.18684
12294.127
1988.4433
3957.5793
25210.16252
31899.565
11479.7935
32022.22873
9316.21041
5906.28857
12402.26813
22857.20259
1363.18079
17254.22218
3117.16687
25686.25766
15442.16125
2994.29705
1257.27242
10315.12882
17335.27239
22069.733
20790.12110
32478.21564
25005.30734
2140.9424
13494.2584
20339.977
23500.20015
25465.5809
27995.11718
28686.11347
16005.26803
1977.21515
31186.28896
10369.8905
15277.29135
6694.25870
725.13958
18626.13913
12701.11408
20778.27515
11385.71
22245.31164
32726.24579
27864.3511
27905.14138
22142.10625
22900.10233
3679.8934
30629.16723
8998.27147
10058.16169
26137.15262
14378.20591
31450.16647
7974.27561
7226.3286
7878.1142
20745.10032
10509.9704
26631.15268
5569.13291
9537.21055
26603.739
28540.25417
18.21197
23897.21007
11324.11052
29222.5404
3404.22549
7894.6602
24042.30004
1348.30229
120.5261
1797.1826
30064.32506
6017.22929
300.19415
2387.8903
13693.28367
24595.4340
15248.8433
12338.21776
32290.28929
29012.3097
24361.6559
25652.7102
6826.8836
31195.6488
30552.30328
28892.28261
28945.18483
3768.23127
28228.29854
20984.12655
30640.24550
3462.1891
8858.24323
11287.10571
31569.9907
11838.5895
21679.22023
26887.22457
25385.13048
14729.26453
21500.25826
14854.29619
672.22539
223.30343
23945.16097
18193.24134
25709.19122
12718.21161
18920.1184
22920.7788
22750.26484
19642.937
13176.29228
19334.26442
13612.20993
19719.5745
18741.4057
4716.15624
15337.24595
23102.6177
2948.2149
19983.21527
28252.9892
23428.937
9369.32220
19096.17391
9173.9199
16584.6896
8500.26926
1389.11078
2960.30492
23411.4972
28010.6850
5402.1151
20072.11525
7765.18728
31304.28222
17332.12775
14513.12000
22862.17931
10237.18902
17744.5773
19639.14621
3768.15979
28792.159
2722.27622
11783.12240
20475.21531
26631.28963
12632.24385
18921.19328
1266.18185
29121.3332
22281.21030
17719.8418
27773.21041
18144.8348
26431.11192
5111.12209
31131.7207
23829.4746
31797.25444
15592.129
32626.11704
2583.25904
524.12573
32325.30914
9680.11918
9454.6578
23677.26555
14981.2796
296.23564
29846.21808
7489.7326
6151.8270
17866.786
17085.7617
11923.24295
9965.3079
18680.28617
4281.19480
24119.10117
17993.21701
16492.1080
28823.8619
5967.5917
12607.23104
31049.32511
3742.31840
14072.20384
19820.31580
14327.16619
17987.15035
26553.24560
10448.17907
27033.19991
24944.29816
30129.9369
11415.5582
23107.5557
2403.15655
31272.16628
14494.25618
16743.28691
2067.29035
672.25860
16042.2267
25822.16593
25160.10560
20831.13940
24370.1883
20166.17363
30307.4181
9872.22220
5520.19186
18858.29397
25380.28308
17182.15974
29078.17588
13330.20275
15154.16728
4975.9147
32709.32664
26959.6010
6027.23857
14911.22267
12983.9681
28597.24852
24883.28297
189.24514
23943.24699
6665.28397
8321.7767
16325.11492
28976.15230
16988.25718
28241.30714
26045.28454
3307.21339
23306.24627
897.22958
4991.2103
21288.10233
14294.31429
25524.11107
17459.5434
29693.27968
24789.23801
30479.17041
15038.5243
16660.28102
13201.10303
7577.13634
4208.31435
16303.22976
20372.15570
18564.31775
23997.25135
23271.26212
1714.4664
14570.16050
676.24471
15550.20478
7260.5992
9828.20204
13939.23278
4128.3630
26556.12091
17734.20790
31250.5644
31692.5759
16248.1212
28246.18366
29818.8364
9035.4397
24351.8921
1553.25791
21027.1706
25288.17515
20261.11188
23937.18657
10865.6393
28602.8520
5738.15328
29316.21151
28455.10858
32411.23775
23389.2372
27159.11173
24948.23830
17419.6839
3233.19980
17797.22114
25705.19527
6664.3876
3408.19335
8045.693
30542.14989
21455.30108
3102.10163
4746.27827
14386.17047
23300.31754
24350.26659
4714.15466
7085.19501
19293.21067
16367.10711
3148.4874
30701.10088
3032.16705
6233.28955
10226.14216
1218.24944
659.2327
7654.4873
24291.5640
9549.10171
10279.20297
13497.1485
26230.7950
27046.12595
541.7194
29262.13750
28043.27945
4677.5592
20247.17968
29155.26763
5617.6165
3244.12191
12178.9114
8131.28771
1172.1773
14802.2473
1344.4431
24594.26311
10996.16875
24825.10736
45.32599
25540.4097
29087.3556
5887.14590
24715.27113
15692.30913
23640.18087
19258.25696
28428.14511
24793.32635
16366.17641
7059.31071
27249.20506
23290.3637
17952.21205
14466.16797
14566.32006
16004.11755
32516.31616
30330.27083
7820.11552
22535.26416
27795.3559
17246.25466
14902.29421
27690.2358
22642.26133
29377.25526
2150.28532
3240.15477
28015.14499
27603.8261
29415.18240
10055.24935
4831.9605
2686.9940
22922.26897
13376.22615
23848.14613
3658.15759
6660.18928
6369.31019
12429.28352
27016.28783
13800.22971
31096.27319
19899.13601
12601.1446
14290.25372
30481.15871
8385.21043
31319.6478
21812.7448
26379.20570
17511.11704
8332.7334
8698.18682
25893.4176
22441.19369
15923.21709
2194.8974
8920.7872
28145.6125
22218.15283
18342.29417
16065.23461
17956.14745
31006.19473
24201.6014
19690.22246
8586.16334
16528.589
9781.28778
9679.29918
19726.22829
756.10428
26429.26869
20927.31389
25596.31994
7630.28979
5667.28727
1078.29700
1592.2080
6946.23618
15839.17755
20379.20320
21579.549
23342.20493
1451.31526
5596.2788
14085.13612
1399.905
31846.32069
9457.11666
3017.969
26282.24627
24805.22745
17447.12599
7805.26196
25756.24634
19784.27655
28244.14424
13880.13780
17669.13417
1004.4522
28653.17044
28955.15723
21311.5842
26960.24040
19568.25428
2457.9922
25816.8670
2540.11828
4283.29756
23248.23931
23667.1106
20236.1413
6526.6343
8795.11584
26833.6342
1665.7680
18227.1843
4621.24727
11653.14570
5172.7406
28419.30540
3927.22862
4269.18720
13522.23461
6594.8571
26174.7770
26328.27620
26316.18217
2482.32618
18994.29396
29624.27422
10618.27444
16274.9563
1379.12200
9230.13504
8759.30217
24003.3513
20732.27613
11589.24842
12629.4101
19914.32434
8907.5699
3252.12396
19986.21776
13923.11944
29861.10353
11502.24929
17614.6837
17502.23335
17469.21481
15734.23522
17025.2740
22350.14808
18336.12906
14944.27169
20919.909
15465.8001
28018.29052
30782.3838
12980.22830
19751.20770
17179.5314
20813.17651
20651.26629
7673.20287
14567.21504
16736.3618
25067.6014
13482.11047
32452.21156
12006.29707
14968.20999
8906.24212
18566.32602
7501.13098
23303.22818
9488.12104
28060.10406
17863.13531
31777.18489
18655.27698
16889.1961
2999.13692
9176.5308
15453.9288
22331.30950
23990.4394
12047.6634
13644.18819
29826.7124
25981.28502
17904.16243
29382.20430
17588.18612
13316.12018
14663.8083
5462.12518
8430.25999
2243.17786
26651.11293
23996.5388
805.15578
277.20179
24862.2088
25638.13915
17180.23897
15880.19719
17096.6309
25381.30405
16267.18665
27340.27383
28884.24224
16772.31512
14775.23257
19013.28684
32037.18835
20670.22000
6527.25370
31943.25700
27127.12412
20175.722
24821.32504
30766.26453
17834.5811
7848.31530
12057.31316
23479.16310
24783.1949
30617.3958
29258.27842
30891.4374
13126.29378
15694.9929
16998.29024
3049.31324
3193.10076
24013.5981
19711.27701
29973.24461
6161.13597
1556.31355
29181.20578
6480.3863
22597.14811
21530.17798
1974.15250
19702.11544
22481.28406
24875.1148
8896.22390
7885.11908
4857.19338
19638.24775
32236.9426
2078.16754
3900.29963
7651.24950
25918.21069
21387.28882
8363.795
6631.26734
3706.8315
14065.19105
28302.32743
24696.31741
30865.31770
1206.26070
184.28460
10757.7408
3130.8166
15631.22966
23314.3917
10670.21591
30574.2455
30096.17617
27460.17098
22296.25417
16350.16079
3968.15895
20125.856
19115.1568
16853.18214
3116.14120
2478.28079
4024.22615
24917.10621
22391.24127
27125.15180
19824.30356
5444.21091
24260.31988
20584.22080
4327.23713
4209.12936
21178.8227
15042.22056
17424.18746
22399.24308
30319.4154
24849.7160
11991.15379
17124.21300
3994.6766
28083.31239
29853.12810
2296.3710
23990.765
31575.16635
4513.14064
26660.27270
4561.11173
1309.13244
28860.23949
25503.10824
23665.15761
8537.4064
5087.11217
30519.21771
24292.21880
14772.32002
22004.28518
8664.30851
32063.27099
16542.21205
13123.26008
10216.16794
17751.26273
9037.19256
11363.17629
30768.32245
28060.19981
26347.22516
3298.29452
12017.25593
15651.17811
25073.14478
26887.24244
12327.20016
31080.16497
8265.12927
5136.988
24146.10655
31615.10777
21070.24125
9500.17894
32241.31295
16239.1927
26375.16495
17325.24420
27828.16852
10252.835
43.22569
27692.23766
32341.20595
26346.32251
8025.22586
8119.31190
27066.11911
20105.15597
21154.31917
14676.14854
23852.19244
13867.6361
373.3244
25863.17
19174.20577
32050.20954
14337.10187
6115.23506
387.8916
9731.6498
564.31554
24397.2945
60.7350
10332.19615
18261.26772
25498.6627
26856.5478
3146.24257
2959.16599
12528.1133
19464.7042
9374.8249
25015.15819
16184.379
23958.2864
18406.8731
13406.1578
23632.6958
22214.22531
7548.6741
21991.11930
24120.10698
25542.17902
11409.32065
20687.22367
19477.579
29708.21566
18888.21189
10013.10453
26364.31667
8736.25894
16760.32743
31592.24363
8967.20424
20297.2585
21268.23178
5182.7574
21964.24363
3417.23451
12843.31050
14867.27010
6529.340
1173.2738
10292.17756
8935.24859
12560.31263
806.16001
2124.9149
27740.642
97.11280
4066.20193
16022.18899
24913.854
9372.29814
24807.21301
27884.5546
10638.17851
23776.28071
11988.32451
15316.14754
2349.10802
28400.30761
12406.8784
3036.29708
32435.21439
13425.12822
8587.27110
20608.15506
16401.24416
4289.2718
984.14275
4852.29540
18959.4207
3627.5146
9273.25319
8696.30615
1924.12946
17929.26775
17478.22158
29424.4677
18268.30446
31978.23655
9060.26663
14698.13641
27084.21146
13059.24887
20235.15684
19438.23042
2145.15817
25670.28334
16864.11463
12688.891
32258.29120
12264.30477
17882.4145
14731.13527
18821.21794
8568.20886
17586.29435
26880.21447
23625.1046
12049.15500
6117.11342
453.31913
31414.16337
2302.4009
25569.30071
23982.2257
24108.14971
13701.588
27093.217
14393.7328
4956.863
21133.25717
22012.8605
10083.9188
8983.28303
31406.32717
18079.14937
28600.4657
21322.639
13703.28147
19959.4886
21615.3628
12545.27771
12061.4839
19566.12146
1876.29000
6910.1404
27606.14878
7357.4457
22481.30008
7065.17370
31131.22953
23555.32703
29942.12477
8635.27203
4641.8793
24886.27838
661.22234
17059.9701
24934.1824
30300.5776
30901.32508
31215.14713
19444.6140
5328.28068
32114.3536
2568.13511
28880.21499
31431.27452
4303.5140
5445.1559
4790.1077
9771.7014
16046.21126
7521.19392
4810.7557
14563.15417
15882.49
5400.14836
568.11557
21926.19600
25148.22910
20470.6745
23490.13192
29445.16525
28087.14769
22764.8050
12176.1272
1560.26541
31169.25887
16184.15477
8802.20155
16273.23127
24572.18137
25912.145
28387.30127
23636.25529
26673.20818
9662.24200
14661.13180
9001.16894
14008.23276
24145.18749
13004.20919
773.15179
4840.3753
19415.27126
6399.954
11003.1896
3059.11029
25229.28999
23207.18177
17893.4738
12362.21775
32564.24885
13002.10399
25955.11229
13719.2282
22453.15136
7803.3849
2759.5027
3601.1287
15988.2804
21482.10004
8976.26519
25138.24259
28275.29293
23858.8752
21407.16985
16112.10006
22978.15187
1960.32581
29547.12400
24374.850
24755.28226
29930.16292
9888.10354
11031.18600
24273.16702
10640.28084
14812.17728
9360.4380
26336.24292
1681.11266
10853.26737
15112.10862
21855.31803
20693.3218
31036.4055
21671.24342
6398.2772
22914.6325
23418.993
28237.1426
26512.6752
13486.16142
32062.11871
13095.13824
12693.7834
25171.28005
8772.6741
28086.3793
30557.3025
30205.31641
580.710
15492.8710
2455.30375
26044.6213
21401.22472
20027.16580
12678.23339
16527.8718
27310.27734
7315.31343
31879.21137
16131.25894
16269.13733
657.29157
3292.21952
23865.6559
27565.18611
21364.28360
3537.5038
7640.16225
30100.14967
22077.5423
32640.15883
9675.12928
27427.9780
19069.25290
7625.25424
27573.5439
21552.18229
27821.2336
9219.1618
14812.26158
8874.12656
18383.28485
724.1805
16530.2910
8338.19443
17263.18954
643.25927
7063.17117
2827.15223
15354.29334
30101.8144
15197.30632
8667.14003
25477.23170
19148.14616
3354.10036
13654.10964
14231.8134
31051.57
8857.23041
15050.25639
32112.12302
3725.8922
31656.29061
4893.1956
11111.4489
978.17567
31234.7779
29426.557
21559.12618
31980.30928
2116.26200
6720.25362
9031.20214
27411.10837
7498.18736
13447.15826
8074.4946
27773.15827
3121.28241
9975.32754
17230.18972
10803.19027
9000.5560
15604.19141
21837.4088
1358.7413
23048.15614
32373.29445
6117.17339
5809.25634
1853.10973
13212.21242
28813.6517
31428.26478
6452.19240
9444.14506
936.17648
19736.20306
27630.8366
25805.24784
3293.11829
28751.2177
17637.19222
17929.15950
27869.32277
9625.32157
7703.3332
9144.7391
14470.21453
20885.4290
16385.28487
28999.16119
21460.20040
12408.24678
17068.6837
25302.5529
22075.8652
31905.6833
16402.11660
30115.4482
31652.13750
28001.32662
12843.29428
4434.1932
11887.22654
31800.26046
32442.21367
2349.11204
18095.7639
6146.18080
17747.15731
23446.15936
15622.1406
499.5653
12901.26632
30758.11631
5732.22460
11438.9091
19074.10524
5697.28495
29797.1892
29442.3091
16821.20099
31353.24423
3195.9808
492.14254
21976.27459
13518.17157
22140.20543
28441.26118
18966.6745
4105.2060
16655.3374
4774.10018
6254.9167
4719.27808
5518.933
404.7454
20400.18971
16647.17578
1495.4749
30733.30463
30424.9072
21468.6107
13601.26711
6863.31859
4095.19301
15107.2250
7836.2010
12723.24241
21256.14233
14363.31549
24814.16070
15991.15205
11877.9490
19534.28712
12928.15147
5180.27792
28327.29413
23838.14096
23837.21113
1078.21016
1559.2220
7745.20112
32539.28239
18149.24146
25384.4871
6583.1020
22212.25037
7457.21241
13325.31280
22085.23575
1296.27550
32125.12984
20600.18198
4461.21566
13347.29598
8796.7331
1245.29749
2089.21582
22855.4115
18672.15295
16292.29643
10570.31380
11038.25536
17207.31345
17293.8217
27255.13849
11412.12683
10011.708
219.6069
4122.31031
3726.341
5462.19519
17234.18925
11680.12270
3197.29234
10729.18381
25738.11055
9667.13368
27118.3698
20063.19722
23355.26621
12827.2758
7911.16914
15149.19849
7084.5895
12392.1574
26988.14376
24073.14363
31522.14384
5235.11663
30913.25520
4103.9704
20784.27990
1017.14467
31532.9499
9060.120
8338.12882
12707.29080
13959.7280
20219.17063
31839.25454
14507.19156
3303.11104
18845.9393
24952.29002
22451.13832
21343.2950
28670.11700
9712.5433
8015.15460
3914.18894
21347.31574
17771.1919
28099.26239
26177.10322
16753.15766
25087.1110
10902.6998
18048.10442
9894.14712
16061.32351
10259.23615
15578.17271
8959.22792
20296.12590
17032.19965
7135.23239
11102.16617
29049.4335
11583.20617
24558.10817
27774.27190
31110.2775
3994.5139
20629.20605
18036.15171
18274.2941
2292.21233
28617.6738
6018.31586
5460.10248
3152.24827
1233.27104
9851.13087
31741.29872
7863.28690
31433.23664
798.3393
5872.16474
17960.10126
11928.11950
20459.441
5287.20299
23848.24613
4150.26335
21700.25524
23037.2518
26521.24797
16252.8332
1577.1510
14862.5459
15969.14457
31647.31809
670.25594
4557.30642
26182.25639
25377.26705
31329.4795
12009.29935
7320.30062
21109.24456
7115.2507
1152.10027
17425.17774
6637.29817
18579.15617
30770.3304
6407.6813
7367.21803
6839.20386
24312.28401
7596.30221
23650.21853
29944.15773
31132.13206
176.9409
14644.13212
29613.9072
24381.13633
12094.7210
19096.21167
28367.206
17785.16081
2035.29375
20650.19102
23877.26668
2384.18679
31309.8443
14115.12520
862.30929
32655.568
30429.2664
22077.11335
12309.16069
2178.32717
13564.21753
28098.26245
31375.12941
11433.21035
26968.31751
30841.20733
27069.1139
5601.12468
16656.22232
30666.12944
19295.270
24939.17153
23018.674
31300.19946
15534.24106
22560.13913
31297.21681
24759.1576
8936.15346
29115.26793
16217.20221
6077.16610
27901.428
4009.20749
21046.3845
7325.15558
12095.18011
19488.15096
27658.8424
9782.21862
7168.17823
8930.14186
19985.3567
924.24172
11893.30285
26764.21330
30546.29719
13684.11022
31151.6406
4133.15691
5501.2497
22467.22529
10640.22921
9204.24588
1577.2250
9847.11818
12626.13664
15211.31237
22027.8726
12186.2549
5802.30932
3451.1007
29302.2173
5541.9802
2088.22780
17159.16424
7264.20091
10800.11285
14704.16084
2509.30494
27834.3680
19228.25807
26590.14538
2932.1587
27820.4696
13523.8381
9960.16703
13474.11685
18023.18712
30761.12794
2598.16291
6037.3385
28825.1262
3863.23526
4361.29508
9715.27402
4113.6374
18317.4630
23850.22128
24059.23611
17675.13815
30299.28296
8542.10105
19267.28240
22060.2420
28279.23424
26623.1482
9814.17587
25058.4112
10953.10481
7177.25190
16078.32272
24681.4501
2803.9368
29513.32497
19884.6901
9085.306
1961.22030
156.24604
2790.23022
13175.4131
31596.27670
4102.2666
16554.28146
2003.28535
23866.10257
28610.26865
148.11806
16739.7809
29220.12709
23882.21234
24701.16046
32478.9663
32333.14021
4358.11529
13433.15536
18397.17613
11731.14053
25058.14046
2406.10333
6431.5649
17204.12411
15292.778
14811.26930
12615.15432
24563.11878
8733.32326
14593.9355
24685.21055
22994.25296
26097.10221
27858.23161
1775.32745
4686.18265
11274.29703
22109.11336
8955.31248
26514.2116
4341.28293
3133.8043
5841.7404
29407.2858
28690.3029
13132.9548
31760.22181
18630.1964
27765.27853
29061.12825
10798.17822
17560.26440
2986.1569
15161.20818
29493.18174
17866.28728
2049.7658
9269.105
17875.30289
18757.22276
27495.14195
13814.10652
8046.7637
21002.24446
25393.10714
427.30835
18516.27873
29962.25747
27474.24348
7714.4086
22809.15430
25701.14624
23662.27731
20620.5150
18704.22181
9336.15843
25722.21427
5773.2074
2467.18797
21413.9656
22484.24744
21714.26204
14907.28149
24034.30307
30350.11668
30447.14045
21587.12901
31157.15069
22485.22035
26515.7321
32163.23571
4713.18951
12878.23663
2188.5197
22675.17574
13345.21570
6961.18717
17506.27708
1631.6743
21743.9126
31833.32122
19889.2480
25984.24845
10610.24136
15669.13442
8485.12940
23744.2029
31127.18666
10680.23349
21064.15338
3681.30714
4984.13128
31064.7484
3519.22489
11116.12635
25239.3674
32572.25069
23690.12708
30336.2802
12226.15412
27746.22398
11554.22204
19310.7366
10955.10067
7735.27331
23113.31639
29088.20319
11543.2572
30424.22475
23711.5351
28094.15534
28216.9192
18621.2621
30624.24224
16223.22662
31866.13084
21332.9826
27124.12996
23465.15761
25445.23411
13337.3395
4489.27993
25320.32158
21141.25525
16059.30569
3844.1973
29373.29024
24120.11679
19762.3218
23490.21154
18881.5512
10341.21667
27167.21164
5991.28336
30645.26964
10355.8955
29663.21857
304.30395
32137.17975
21446.21196
29648.25594
25635.7440
24336.27146
1792.13802
5828.21023
18326.27581
27944.23224
1553.5062
2972.615
4551.14095
6174.30245
12841.12829
25197.13255
28950.23986
2902.25522
18711.15836
31170.9808
30300.9508
16852.9899
3586.28772
21918.27998
4430.15993
20344.29802
11784.4139
8690.19216
18000.29323
23005.4373
22848.21124
21582.19728
7456.5026
14241.32021
28073.5482
16248.6442
20370.2148
31743.640
17203.29157
16797.2008
22511.5586
20439.10348
13650.2905
10479.8110
25162.28164
19107.8814
3665.13105
10716.32532
9688.21283
3591.29181
514.8569
31636.26226
12228.8607
4821.21628
26727.10271
17463.1264
19386.15216
24449.27855
1691.5213
4955.30475
24440.32029
18657.30782
26297.27331
13645.9676
3248.15965
5955.7371
15137.7969
22592.30900
25320.22470
29297.28853
25143.19372
6771.11666
20913.1080
22321.9408
31372.23387
24516.28658
22032.2693
25445.27916
13569.3091
5577.23346
12346.6458
25064.4108
1622.32418
5359.14354
28197.23540
15385.12453
2700.30973
12385.18302
6857.6416
14848.18187
10142.30634
28992.30663
1519.15012
28714.30053
27057.11295
27641.15432
14031.16854
3160.29414
30198.8632
17589.30487
21634.562
24962.18943
10828.27097
2283.31385
29735.30714
3336.6327
17665.7469
4225.10992
13538.16599
10924.3180
31291.29261
31324.28538
18888.9088
16440.17157
16660.22805
16567.14425
5226.14424
25063.6344
31079.32529
30123.6455
18953.1526
10267.3673
5588.17019
14887.23748
31268.7361
1121.10115
13492.24067
11239.15464
5990.27558
29565.17848
4355.29924
17243.6554
16866.12059
26039.3662
12522.15547
11751.28357
25780.30076
8869.31187
8517.18034
28456.31783
9076.390
9620.19307
2735.20300
19906.8761
18032.25854
32264.2103
20237.4403
19905.11973
22822.18422
30866.19215
217.28350
4290.30456
20044.13695
13222.8937
22404.25179
27020.20369
12804.26021
19959.5462
17214.8274
14456.31959
617.19645
19491.10088
13825.15846
10331.109
8030.28029
3939.7778
3947.10885
15591.6904
10885.1821
15172.27830
20345.19940
9595.30767
29057.19402
6435.4065
10547.4553
10192.26005
26155.16154
5122.18731
28111.29874
578.26828
17780.31800
24868.32159
30074.25449
17357.30424
7111.7246
15598.2367
3380.31025
12618.6987
15426.29542
5639.24156
29595.15487
18673.4363
3766.14054
23475.19785
21696.22335
31063.20991
12980.7835
3928.8172
19955.14682
8289.25730
13021.18433
9730.16490
23860.6854
19077.13264
12238.19873
25204.6660
2041.12984
32336.2388
22213.662
7412.32613
15959.16539
7761.9301
11935.2649
25407.25305
6266.8771
21396.14870
21973.8148
755.5702
1942.9497
884.15933
11922.4884
19838.232
992.5545
10125.8682
13568.25628
5032.4813
30270.11878
27036.2628
25628.31118
21091.11812
21376.1020
5057.12622
26580.20203
28625.4777
29399.31149
24063.24681
30384.17724
15798.13767
4024.5971
21226.31250
7938.10084
28238.32380
30837.5443
15199.13006
16714.13125
22730.24527
15325.24098
22443.15272
21156.9765
6584.8726
31977.2023
19928.17197
22973.30398
4518.28870
14512.23671
713.19402
4230.1984
2516.2612
30977.11416
4991.25861
3349.20943
1408.7013
3582.2320
17112.30490
32514.20196
1889.130
20142.25365
5850.290
32654.13712
14133.31365
26517.27733
30067.13667
11250.7799
29754.11869
24633.31903
31031.10388
24271.8954
11898.30664
4533.14507
11922.320
31866.10273
3308.5406
3790.29725
11948.8563
28548.17214
3266.22971
424.19990
14437.23926
25539.8418
27855.16504
9825.11492
26648.16550
20175.581
12856.12432
10550.11704
4814.12317
16949.11653
21213.24461
6794.26131
4461.10991
13527.15414
9317.17262
1455.15953
476.28958
6429.14594
3516.25732
23754.24371
4982.30549
5516.13295
26075.22303
31138.22456
8761.2044
14104.2530
21191.1537
29698.16645
19466.27050
16501.31563
22768.949
10285.29508
8119.23214
18048.30653
22289.7557
14074.13012
29051.12008
28812.30860
2879.30444
7830.4393
30191.22874
28463.8227
26516.7454
20205.8593
27241.7557
4247.194
32327.27
27797.22295
29911.20734
9467.29762
25927.13249
12943.23161
30666.8436
25533.11193
18432.13253
10450.29439
10901.2871
14830.31289
22892.7931
6594.9954
16955.31274
32576.32538
12002.19404
23933.15591
26811.9419
11769.8884
9032.17723
20436.25208
31550.30987
30872.9232
29902.15957
8034.12477
10843.32383
29652.14578
32620.10974
1418.28610
24800.14871
18665.18364
26930.21180
25056.1853
27699.6692
14225.10691
29381.8137
31471.7383
9466.6182
8153.11648
19597.27069
30107.23715
21671.28700
3723.3895
5436.17004
32729.10286
15484.26936
22388.11401
2866.16493
32709.8930
29885.17369
26546.5915
9599.18164
1972.25036
10774.31438
18454.21616
16176.3085
28822.11394
5525.15089
30809.10335
22952.17460
30509.22277
14305.5383
23131.14984
2270.5613
12877.23112
26525.27410
25967.8835
27831.747
13459.2492
7421.30788
18854.31571
30143.29874
27390.5000
20156.14342
11838.5506
8423.13839
26258.8842
13198.13535
31636.263
29334.27040
11845.30035
17141.28294
32421.10979
29581.29285
17153.21259
546.701
4294.11376
8412.8992
22722.18677
27244.22419
21166.21377
1858.30713
4663.6849
6743.16079
14901.15735
32565.24793
29383.4133
2102.19673
27419.12304
7309.31445
16977.17435
2933.15360
14822.4524
26408.15645
27168.27552
32068.21283
26110.19583
19643.26203
8281.32659
21407.27515
2043.15291
17569.26718
24109.11590
12725.3237
3781.32477
5281.12162
23142.28935
11990.24476
22174.26202
17110.24193
966.11087
5052.2244
15136.19862
30664.21449
7443.28824
29744.15462
11907.13314
2706.30253
27007.28140
22250.2030
8635.22920
18672.2037
21772.17669
12088.17577
5847.10656
8450.13953
22732.1086
4117.2554
32202.6072
15538.3298
19045.12295
8063.18744
23426.22553
10470.13478
25551.20475
20320.22930
235.26999
13208.26037
3027.8148
5207.9060
27740.2207
15125.18004
7772.8088
28655.24420
1119.19876
18368.7743
23877.31957
16738.3074
4927.2628
7994.7643
10896.15311
3221.19299
14594.322
29358.1185
23506.17447
1668.30230
4007.5718
21817.25379
21888.18160
1051.23495
23038.28740
17861.1651
11124.11374
11513.21342
30680.9148
20032.10071
5645.1264
7464.8325
22535.31124
2292.3869
560.20808
6247.14891
16469.16744
26748.10493
17624.27340
14497.2754
18328.6913
29104.6917
13890.10869
4757.21188
11977.28574
28915.30054
20746.2851
11378.23630
12859.30555
5287.19224
3438.11639
21956.10011
22635.2612
30237.3285
1257.5981
5768.4132
22194.15367
20774.20391
1280.23679
21407.18362
13454.22878
25357.19029
5069.18097
31361.7108
8521.10635
29557.6726
8832.4694
6147.3905
27848.23755
7362.5422
13754.17373
14961.18483
3823.19802
19243.19617
23301.26581
24609.17500
10358.23544
11552.21199
6781.9846
11087.28741
28709.18775
2809.11604
14435.25709
2200.11708
3923.1575
16369.774
4295.5479
11190.6868
15335.29629
22086.2666
26184.20017
29888.7416
29500.25783
15598.32351
26680.22497
10580.12398
27766.5939
17908.14523
6186.21617
10263.21164
15499.12595
21855.6803
18436.10324
19735.19623
4951.1744
2843.2366
13835.21088
364.11102
3258.13383
23408.15085
3792.3044
2064.26086
2530.8471
3038.8463
7195.19212
4916.17074
10086.27602
25219.10773
20242.27134
11956.13949
19183.25145
2830.23635
4563.15025
20252.6323
6301.4034
26583.17896
20486.8355
27122.2119
5150.30258
7724.17468
12050.2977
26729.14933
20862.9140
5225.9213
24862.9778
20418.22851
1943.30270
4416.14892
25799.18057
21565.29472
27739.16552
22607.28189
5352.4336
30399.25395
7196.1203
30563.4606
2789.1868
25654.12618
3828.29566
13866.4936
22583.22421
22980.9142
60.19278
11118.24422
30418.9398
19455.16676
3943.14714
15270.19431
25414.30600
24967.32276
7516.31289
17725.9190
12218.28537
24389.22143
10042.10172
6276.13083
28767.25298
21410.15484
21754.1748
19082.23319
9561.2662
30349.24063
1246.9653
5707.11227
23958.24144
15564.11459
2048.29309
21043.7692
21811.1650
19909.8423
21819.15647
1816.3177
31983.31491
32125.1932
18436.26869
429.8608
3017.21489
19755.13746
20308.26347
10356.31247
27999.12582
19024.22699
32665.9180
26398.21893
18306.12800
9238.16325
29786.18152
18395.6424
13209.16424
3993.29607
11444.1832
7176.15482
16331.25931
24053.5121
25869.17750
30217.20824
28762.29108
18248.13635
26222.32103
27782.16251
27677.13395
8192.10784
21335.20235
9777.9421
15770.19261
27805.5725
18247.8783
21823.2394
14213.14855
7252.18936
1632.4996
20259.31851
2430.13553
17327.31618
19763.31304
5814.31557
27897.16139
24485.15182
14393.19594
19548.15809
10091.23054
17950.20096
4877.21382
13101.14227
5565.17748
10596.13991
11893.29147
10832.258
25991.31103
8827.12655
6188.6250
30220.13122
24369.1867
9725.16451
16862.1161
15477.21622
23090.28365
18011.772
16962.32586
26465.19627
5476.26990
12442.4282
19823.21114
2503.1155
4066.11384
27402.17865
20740.11581
16943.24428
25956.2184
10823.31984
8746.32758
2970.29108
29224.29309
9560.11355
9654.22559
10686.11184
8806.13054
7008.3837
8707.21259
12978.29516
5036.3888
4559.19305
11083.30811
3652.29676
22176.4114
5282.14102
21373.11559
5922.26995
5050.32281
27011.8448
337.866
5044.23680
13148.15205
16739.17550
29865.16113
24849.27335
22964.29413
31612.18812
18970.31457
10939.14121
8955.12878
19269.16441
18526.8529
29922.8831
15663.9490
26264.1262
25395.27276
7492.25718
25628.6228
9911.15617
26501.16657
10881.29169
27521.21193
17927.18774
29360.12496
1702.16312
8123.31029
15293.19883
25992.1873
30750.24831
20792.8796
19606.7770
19338.29844
18723.30655
28593.4656
10239.18983
17603.26986
20118.19997
17070.16559
26387.12241
14922.9296
10771.10795
13495.14922
4427.25966
4963.25276
27590.8199
1963.27223
25066.25736
8618.14738
980.3196
12392.4275
17658.23238
24325.9063
31662.4280
27420.26965
32449.6048
26410.451
24301.27611
4287.18528
5018.10134
28443.27335
14145.31837
3967.10165
14534.19635
12833.24402
5156.31808
6851.4033
29118.1959
24819.9803
15559.10851
14347.517
1277.15795
22485.28880
6100.19885
22189.2596
502.17843
15474.10455
22837.32594
9057.22650
15335.13980
4997.9205
4667.21717
21448.5147
7477.23660
32118.10576
7959.26171
13748.17027
12562.25784
12170.26769
29978.4009
26840.11178
5142.6279
32581.25093
29977.10817
7742.31796
15141.13107
9164.16130
31930.14509
12889.1189
24203.5517
31417.17863
3043.7181
15483.15383
121.1887
21699.5684
1795.17122
17338.11729
23177.24333
8325.29733
20363.22349
3067.7242
12307.25041
29939.18102
4799.14259
24656.15106
6243.24065
14734.27908
26699.27208
22686.5973
21133.1126
25472.29708
1271.2407
18165.2468
9433.17392
8480.23070
21644.12971
4073.21114
28735.28865
3228.16729
20656.19751
25688.26514
27104.14555
25702.10403
26843.21569
19008.8815
4577.7959
22454.3092
8235.10802
8525.26193
21988.13125
1720.17861
25678.23684
27102.14499
29476.27419
3328.26610
27982.32138
4875.8826
30764.12807
10287.1993
24823.13310
14912.24436
26545.2744
11526.16482
4785.24003
30699.1324
20402.8821
8646.13874
27601.5752
3271.18986
10312.1362
5442.24602
23021.20456
9693.23884
1928.5052
25408.32552
18395.19666
12917.14119
13050.18502
2163.1356
17566.5514
30886.32025
30046.8657
29114.24635
10433.25899
20478.2802
32612.12130
5686.27211
4156.14935
5931.3625
11049.7222
1375.16383
10443.28864
4217.21875
16853.16479
21628.21322
10903.24396
9719.25535
21936.105
2467.30536
29499.32110
13674.23182
21779.112
30719.1300
16766.20396
20591.12798
25358.6624
32208.652
80.7602
3528.9324
21763.10656
29502.19310
5268.10814
3375.30414
1028.11192
9983.10192
2887.26256
32585.12603
24141.2995
27801.20854
6561.4303
31213.22272
16125.6226
31292.25301
18982.11294
22304.8019
14141.574
31180.14249
8271.5603
22042.16323
9022.31581
31845.14058
4928.17474
18075.32598
11653.4110
7947.30566
1475.9193
30535.6638
19655.154
8806.12834
7246.13104
3538.31213
17176.1344
21178.14773
5458.12539
27301.3125
13797.29624
28473.8263
31410.5887
13267.26795
4739.15964
9556.1768
28995.28689
17537.11791
14304.13280
25591.20136
16783.7385
20294.22729
32760.10249
22658.21337
20179.19133
6075.19593
11245.8086
20310.32407
16173.13194
26578.21192
10748.6664
27087.16325
3237.4526
13020.5922
29209.8043
14648.4073
10034.24812
31710.30578
14555.2690
32304.17976
17534.11051
32571.10938
30540.27587
27146.13545
6411.10067
14365.17501
19267.17252
20831.778
12053.2634
4988.23596
14740.1321
16097.14689
3560.5998
28826.7587
17023.14807
30495.14789
11970.10177
20600.21219
14797.7798
18394.629
29355.5188
31007.23776
5884.1760
2843.32736
11208.28702
14772.20791
27879.29416
2789.365
32071.4032
25556.18781
10120.14650
24151.350
12940.9459
2607.2759
1904.9640
25973.20514
24896.1078
22922.26903
9475.27532
31507.5713
27807.14502
20855.15007
31071.17755
5286.30209
366.26571
6268.8356
7434.11529
29973.21703
15910.27856
12261.11848
26037.14339
9473.25833
15788.23103
32627.21683
105.9961
23920.24076
23909.23932
8367.29411
4217.24576
7466.22639
22334.3125
24270.26001
14429.14694
23318.20313
14730.17448
11835.16737
20508.15680
4577.32278
30869.23192
25439.30528
25637.10009
22979.8512
26147.10776
11958.8802
4126.7248
3797.3278
23463.20208
16476.7673
2584.15692
24698.27654
12206.5563
21357.23835
5574.17880
25065.19713
28288.1505
11263.29514
5831.31316
4257.24735
29820.3562
1744.26359
16555.11452
28670.2591
1901.18933
7704.22912
22086.27777
28202.26521
23367.7095
32465.5774
9948.4582
150.3020
5094.22699
22552.14850
21620.2479
30898.16285
18284.11253
17243.520
14086.9516
7359.13833
18840.31145
15931.32193
18646.25192
13413.4439
3851.5948
25071.25556
19958.45
24929.572
1109.7925
19295.14032
12521.12105
15194.23238
6794.9202
18130.1308
30509.30502
11043.5309
5898.7016
14654.20702
20688.30469
12771.24554
31441.5920
10002.1030
576.26415
1258.26444
31184.23103
1334.19459
7632.26476
28324.20410
12104.8590
11813.21675
5660.10268
19215.19234
25560.14123
18808.11970
32579.8942
29136.32109
6429.1509
21674.20989
20435.32238
21596.24209
10929.12778
7077.22308
28622.20977
17655.12252
20104.6697
11907.10549
286.13546
8625.24013
28015.15318
13369.9490
19626.9874
27331.11131
22826.21624
5463.19757
3921.4308
15382.12120
10015.476
1647.29075
29180.18684
4918.25886
17768.19545
20978.12958
31288.31093
13289.3765
21539.21525
11468.22332
21367.5151
11780.19750
28361.11801
4202.8593
23022.25364
17443.18996
7175.17472
4287.25101
26906.8812
25654.12858
11338.2970
25594.4935
12825.13754
12149.32642
13929.21227
4119.24529
28490.21530
4055.28824
587.28996
11229.27526
29024.28100
19258.30359
2434.24589
13041.12267
11777.14503
467.9061
12104.450
4470.8024
23370.9227
7488.27289
2189.18280
21201.19051
20682.25864
13461.25223
9353.23076
3759.30960
3578.19795
11977.28586
2095.28191
3537.12264
15304.2868
23465.24541
806.11382
1152.13878
14147.18079
3977.28432
12727.15542
23415.26844
524.8600
11184.29151
29369.7373
1487.15103
30139.23243
26525.28267
4765.27663
1122.21714
10407.30958
19972.6930
18009.22568
31971.2458
1195.26475
23105.11690
11614.17670
11358.31997
432.5561
29526.25046
31597.19582
26660.22386
4774.551
12778.25009
20197.13597
9869.4208
31607.18823
11037.20756
16703.4599
886.6671
27268.22047
31953.6970
27474.12839
22510.30421
11800.5864
457.21697
30522.7972
31826.14768
9808.12281
382.20200
32560.23649
19400.24051
28515.5171
12529.11530
17803.32638
154.20255
9592.28838
27311.26544
27616.14398
32156.14619
8962.26746
15876.25593
16936.1228
1672.16052
28089.32158
16974.26686
8651.23146
14299.5222
1150.14607
18487.177
6623.26048
6462.5896
26676.26068
24323.3826
8096.8878
17925.17695
14471.24817
9218.29409
9976.24473
27616.16153
29913.4773
20120.12560
26067.19188
11656.12005
1124.25227
20385.15724
8685.22569
4501.15960
18121.26204
29836.11667
2905.28582
9712.21759
3986.17339
7229.17901
16826.753
22773.18976
25312.6315
5042.4876
23033.6781
12899.12200
2355.21433
15906.22453
24281.27540
7633.21340
12455.18929
4231.25843
21932.22348
28587.15848
355.1560
2092.21872
13369.3994
27786.254
15080.2868
318.521
28423.23040
19412.15973
5225.5492
2904.7903
18826.8243
19627.9309
9843.28137
8287.27202
24740.26894
3972.2986
30026.15436
9942.17964
18713.8911
4370.6577
28264.30716
30977.10198
3950.7783
7405.29922
5720.8788
15787.4277
20177.17706
15328.23734
9572.61
888.13926
14180.5362
27027.23392
16751.13324
12966.30429
22561.6981
1289.26248
9572.9430
4670.22711
27851.4426
19221.22871
2580.1075
16257.23125
31117.31467
27315.7796
30129.1189
32724.28212
8012.17087
29871.20867
19296.23246
14430.16335
3025.31999
28554.22174
19856.3954
29571.16657
3853.11761
24872.1476
7533.27921
23974.8565
3207.26224
23518.6075
17095.14577
18186.3044
19714.2681
22197.12012
8603.20146
16767.29526
8658.24971
18427.22644
31293.17662
11788.31374
19396.10983
9372.3484
3093.21434
24439.20012
2685.21636
1777.9466
28464.22302
30350.30141
5258.14650
23707.4702
2120.29423
12322.32614
11926.32118
12801.14749
4086.6929
25100.18079
14822.29005
21973.26821
30912.25251
19506.9476
18930.24560
19481.2790
32164.5268
15632.29297
5812.6880
3276.8066
1821.14354
4312.30035
17081.17194
22018.28143
13713.25597
26217.29686
29651.32455
30087.12777
23039.21742
28023.15292
31908.21356
14100.24548
30977.2492
22399.7192
22881.18317
20955.30027
19098.31147
14213.16468
22285.4854
31111.23589
30406.27403
4639.25103
666.14994
5335.7435
10233.25990
14730.13903
23605.22004
26.29958
22423.26007
16138.4773
32298.1337
22727.20886
11112.14496
30635.17825
7299.1792
4409.14968
2951.6671
29156.2125
13960.31136
32389.3995
338.7897
8574.8268
29662.11800
15196.25191
3476.32306
60.28698
10170.25882
15031.19712
30092.9706
5077.3089
12940.22237
23939.31408
27390.10153
6610.27204
8398.25044
27612.2816
15651.4190
25290.24281
4769.29520
27472.32146
11232.10429
27183.9449
19584.24744
28636.17461
5078.13631
13562.6152
23729.23184
5392.5471
9080.17122
9874.10063
23803.22419
2195.24586
15487.22104
15134.19896
32353.4988
7468.11813
7305.15829
7899.30951
21892.20401
23197.9893
5953.13257
798.25514
6368.17276
20805.19828
16225.18579
25418.20216
4673.3531
28717.18783
9672.30347
3054.9351
15478.32358
23863.4671
18603.31413
23213.784
23346.32012
1072.7433
17461.7134
11018.20371
1490.6159
29392.4725
11467.1418
3805.18462
114.14462
8084.28873
24241.17139
27696.25795
29831.18797
4177.7535
5049.8399
11014.20081
7368.15649
30386.3357
6076.16003
30164.5531
16872.5125
9326.15721
1361.28784
14766.20287
14369.31021
14643.16463
12875.31770
21552.22490
4790.10172
6002.26884
23234.21320
2779.15462
4002.6956
9637.30565
1090.9572
12766.14421
21294.5820
29631.23513
8332.27302
5048.26537
4703.19873
3996.16754
12653.10266
13544.16136
16680.26764
17885.21920
18763.20252
24272.27466
5077.29047
27232.32255
946.895
5369.4591
17241.10338
12655.29606
10400.2868
10484.31611
23946.16317
32048.9282
4743.29317
4396.19676
25493.15616
21641.30382
8104.5030
32534.280
11015.23215
2083.12640
27499.47
661.2417
6883.19386
2609.21486
4696.23024
31944.26793
23320.6011
16566.15758
30949.24098
24394.11437
6379.9466
13841.24423
11686.21118
8192.9339
26196.19177
9076.846
23703.605
798.16673
13923.31649
12724.20958
20360.2614
18951.8570
22843.19473
31608.21865
3078.3662
752.22544
31177.24856
31702.28894
18099.30852
12284.17478
2732.29394
16980.1461
14716.459
13453.15670
28202.15373
27600.29254
9296.24595
7227.31514
5675.21854
13334.26823
17196.18476
16901.28356
18817.17483
15755.7619
23047.32384
28127.11963
18848.6519
23909.4262
2874.25764
12215.16554
8647.28352
17307.4580
27866.23449
9954.15810
10265.16624
28119.30032
21661.23656
23839.10580
18672.3049
1502.6896
9803.2938
22881.12902
11756.19127
6738.16484
9525.31047
18194.24545
26160.29491
19107.26487
25255.28489
23290.6430
747.25475
29350.21518
1130.20343
31977.19033
7427.19367
19827.25209
12377.626
13673.15052
31409.16022
18331.17252
17851.21205
31819.5490
24632.19037
30759.19671
7182.2733
1651.10955
26956.11792
5011.7613
16293.29311
6582.21090
6799.5615
16542.7556
13968.27417
1595.3612
26870.15072
12821.16823
10671.14445
19953.8732
2945.21930
10345.20081
13907.16897
23714.7601
15643.8769
22985.2437
1360.4503
16914.30558
18651.18604
22396.8107
9260.29981
6640.20081
895.17775
10342.12964
18516.16203
19398.5288
15705.24525
21795.27096
21727.17155
20649.27644
27842.11640
14027.25776
18772.512
17232.5131
19386.9336
19825.29443
15955.8747
2470.13031
26313.31077
19268.25580
18795.7626
12368.6498
8223.12563
26262.10768
24932.9305
17683.15331
16027.10943
19128.21139
27225.6872
30348.4761
19523.22020
7668.4430
5.20537
6372.31827
19993.30963
1971.16909
10956.20534
29861.23155
15211.11984
32508.18611
7977.25879
8293.32057
21098.7008
6492.24667
20973.32583
4385.26870
17507.6883
29541.20060
15062.8468
30443.26284
13731.28844
17626.3242
16803.27323
19906.9537
21143.4598
10467.31318
14324.24008
18380.26215
18035.20407
17050.8518
23431.32605
23177.11625
24260.2039
2107.17908
4490.16170
10755.24651
1301.32732
3674.26270
2451.28116
27486.31970
1333.23738
25859.6707
13223.17511
26437.20841
18943.25655
22818.4056
14921.12590
28385.4429
25717.1150
7423.10922
11175.16740
21662.9406
22682.892
8550.32056
4546.15969
16226.3648
18600.20093
23049.17091
2274.14532
30842.18445
28969.5904
15609.2986
17160.29530
13552.14272
11006.865
10492.17075
11217.24849
28547.8328
27763.22558
15620.7175
28290.13149
17651.11905
20326.3251
22289.19214
990.11276
20858.30357
30528.11444
14302.23212
20814.23871
24413.19172
18639.2299
25610.12271
15753.13391
21946.31371
16291.3516
21096.22913
11170.9872
18555.4890
31517.21563
25825.14062
24319.80
22017.22067
15946.9884
27812.9260
22899.3994
4057.7843
26360.14216
15644.1758
27197.27023
30984.26267
21616.10224
19577.16011
6756.26506
1997.27123
31811.11174
28688.28724
21615.26664
1151.1909
27377.13445
3067.5977
31751.19510
15912.18847
17123.10966
26297.24910
21018.6039
3491.3909
5373.6378
31913.16468
5182.27080
6182.1023
12851.10505
26913.23908
8608.18009
13113.13238
7861.5883
27135.12798
20398.24334
14081.11924
31789.20600
21270.13135
9418.16811
32017.22412
23974.14779
29613.27670
3745.19960
650.20827
11563.32195
21790.17876
16380.25531
30952.14273
15116.8649
18664.10636
19961.9220
21890.3958
23573.22833
5850.9651
24166.20254
20433.12047
7224.12034
13493.8639
22975.16856
21768.14040
30574.6064
8857.5166
28931.14206
25662.16248
31335.5624
9928.9175
4570.27085
28505.23671
21978.5690
20180.5514
32674.18401
7522.5896
15796.29758
17544.10662
18151.18464
28999.8079
23955.27080
1100.23784
9856.3221
32580.10302
10517.9131
27432.11757
7468.23177
17147.23434
27360.25332
28687.25416
22781.31689
16137.21308
24179.22660
4929.10231
16765.23345
2404.28195
6267.12538
7698.7070
4031.27736
20039.22316
4402.14807
13633.22097
20432.22876
29336.4365
17052.31128
14768.19507
26183.31277
10520.5386
15133.6086
18022.15620
13566.24805
22119.14508
1088.5396
11522.31898
16069.3113
12598.3822
20056.21935
27823.31725
6959.7320
424.29653
13345.20708
12326.31943
5370.16177
30811.18015
28037.10229
14917.25860
23591.23434
28412.7679
10422.7560
20149.29199
15572.665
25253.18774
4090.20374
11140.32056
12697.22202
21053.20776
3406.10988
27092.16072
9340.12009
11550.24738
14095.6501
17965.26655
2284.20747
17823.8869
5664.30249
4113.14852
13036.1807
19222.32427
31152.23082
13954.31362
21870.20800
17715.27939
23703.32251
8246.5292
4481.17608
28689.21961
24331.30851
1012.5235
11270.23508
15746.18117
13783.25924
20110.7397
20593.6136
13034.18111
31559.30457
4247.3280
11749.2734
32101.25935
29494.28608
17142.7641
30230.3534
18859.10754
19522.11263
23661.8462
17239.30998
10711.1429
3092.30496
2085.15202
23788.8121
13360.9467
7119.24975
10240.24476
20372.23602
21118.28779
30774.10009
28904.29551
3150.24423
10783.15911
29607.7188
9665.19869
16242.13428
16695.8606
20073.22131
25469.28790
8040.11393
2200.30953
2108.9168
12175.7049
29799.15677
791.24408
21846.15235
1007.18597
29050.13302
19963.5291
12125.9008
28103.1290
4602.3740
24112.22336
32072.8284
32441.26933
6614.22866
13407.1818
29061.15842
19393.4923
10020.5771
31967.20604
7744.2120
8270.23424
6586.2122
29170.15518
31904.32077
6732.4168
9133.30951
5625.23877
7087.24708
30897.24467
29756.6360
27868.18787
22699.8947
31444.18814
25262.3079
32297.18446
5154.4605
32508.28401
12220.30617
31486.24369
24394.3140
11676.15731
28070.11727
30036.25530
17290.20976
28659.29182
26627.2602
14200.29894
28380.26741
9713.3827
11902.15799
24832.7364
23034.19063
16751.28583
1250.10814
4379.20860
792.20739
13302.17318
29414.29095
14664.17450
6214.22593
27495.12808
15584.28600
7529.21611
28698.24621
22963.1741
29142.31733
31266.25712
31040.13449
30557.3610
19819.17553
1338.14978
15300.10935
31075.20346
10317.6239
16390.17356
10812.10484
11911.12606
28347.10674
2110.32694
588.16657
9087.22302
16506.20901
27543.26934
23893.14181
31650.13555
9248.5389
7308.25371
6110.6023
21754.3665
32691.21949
25508.31409
9735.28849
25833.15970
19259.25420
30240.10473
19909.32019
25057.6664
31969.25013
17724.13744
402.6875
8994.27146
27844.23525
25355.6519
22930.32471
29802.23367
14490.13083
6175.15278
5177.20364
6292.14289
479.16792
19698.9971
9376.21829
4001.26818
5708.19776
11457.15865
24058.29339
14448.7515
218.5183
23494.1124
28400.28895
27866.22866
32044.16021
12244.10450
23123.30668
2216.25443
26407.16319
14804.23148
24185.30920
17426.30634
11032.18533
29760.4129
12499.8266
1942.27777
3552.1126
10689.23131
13429.10777
22605.8458
6856.25003
25749.1748
3382.1951
12124.26871
426.31865
7790.19552
13915.5352
2010.19001
35.31561
14580.15841
18337.10256
32594.7540
9229.32513
4137.8280
2002.4031
9501.12460
558.30750
13387.26754
1826.20268
21996.8525
28626.27171
3771.18071
10869.11648
3906.7875
14144.26229
14411.16956
1543.18339
15888.22996
15669.12810
3498.587
8595.31438
24600.26911
8678.16078
1247.21158
12095.30736
32032.13379
8177.9081
10714.10890
3339.27987
31935.9630
18017.1419
12266.23293
18029.13842
22109.19528
26101.21732
29237.12611
15977.18555
31620.14670
4940.15926
19022.16433
4635.31411
13698.12893
27693.21238
20801.28955
25748.29235
28440.30944
28608.24140
20176.23767
32318.21668
11878.14012
19241.20765
18065.19351
31891.25225
7763.12809
28150.2525
31445.5398
11629.24746
7713.18495
26167.5578
30836.4828
13415.21354
16609.2571
25918.18904
10660.1573
24916.14931
23651.5405
30971.31910
15417.17144
3742.11806
1937.11634
21551.32448
7305.13514
2708.26841
29885.21635
30679.19607
18382.20057
23825.25596
29917.12484
12457.16560
14625.23515
3079.30411
31792.22551
1712.25158
28764.11873
24548.28685
25457.10385
32198.11425
16729.15733
314.25575
9914.7055
7579.30412
4115.1898
6141.28825
4895.22452
1973.15416
26269.649
15755.12335
15806.16113
344.11
13285.20644
21659.1013
15853.13088
23420.411
27153.7384
19489.31397
4250.21423
11494.18413
6941.10396
27643.22444
29634.22209
4417.16206
32528.15851
6643.14679
8644.10264
25695.16341
19022.26236
22523.18034
3852.3452
4681.20497
26902.21695
20834.8752
3135.29848
1485.11491
16366.20341
11260.10238
14104.11086
15275.27379
11258.7096
20784.19044
26025.18487
16939.5706
18641.24561
31363.14134
2433.14923
1569.5351
19535.15406
20307.15376
11153.5214
24170.25060
31232.13655
23691.7429
15979.28774
2124.8054
11161.2666
31219.1567
14510.10777
10033.30999
1770.24186
25274.21801
13695.5417
30097.11934
31274.14295
19325.251
7290.28126
20366.17722
27561.27875
21231.5732
5184.10002
447.9813
12610.15503
2026.3920
6153.14758
18275.21634
7004.7290
7794.10539
265.19596
30190.3843
26406.2752
20030.28601
22243.14099
3948.24392
30809.12992
20672.30382
9236.22329
22005.3370
6998.22018
26766.19174
27720.27281
4367.15650
12782.24125
20562.29995
16676.2686
31647.11031
8551.32096
21967.32699
29902.15465
28660.17841
30666.2066
13999.14821
6090.18524
3105.28583
18209.18231
29235.26490
23715.19917
1641.11525
5218.29073
26917.14777
21111.30637
7496.21080
28592.23872
2742.27685
29304.23116
29374.29725
26669.10191
643.27764
7520.20433
10274.24196
14186.11342
29013.6244
11517.7561
25481.10398
16297.28177
11634.13254
10137.17670
19625.11360
131.16000
17192.32283
12454.9926
14180.28218
14071.6975
22145.14877
27049.10295
10397.8207
8773.12633
27033.27450
30715.1714
22391.7516
19162.32560
13644.1701
8098.27318
32525.20184
23421.20714
9823.19517
13159.18732
20411.29691
16378.1787
19195.3903
26996.14813
15015.11578
26537.1230
8983.5700
24560.9594
2411.18106
14284.22590
6887.2968
30564.25135
307.1634
10477.28102
17421.12396
25419.21514
28807.25924
31527.10217
318.11183
29401.17714
2407.18047
21291.32126
928.23199
17419.408
5824.6479
10494.10765
677.30769
14905.14194
13202.15330
20135.17251
1941.26407
29224.30345
25627.26032
31512.26395
21680.8743
2716.27006
22267.17376
14903.19246
32259.17407
7603.20223
32173.22490
5191.10969
18794.19076
29198.11846
14191.10237
32080.28560
29978.3166
28798.10668
23863.12297
27140.30848
1261.28962
31501.27511
17688.12784
8018.25691
19912.8333
5799.23791
1360.17103
17803.22490
11717.545
20476.11994
17333.17745
12707.29977
30147.31873
2250.22874
6811.21437
30855.12567
25550.3330
2482.5811
15554.13917
5562.1484
16887.21975
12429.340
15025.10950
730.3878
29991.11827
10828.179
16125.10352
17962.1664
1827.2032
3058.27167
6868.7034
4873.23194
26058.24082
26093.13164
11863.19430
21516.20981
16051.2663
1031.32680
11298.20632
9130.25378
7053.4165
28862.30649
13237.10271
31018.5996
11984.18795
21984.1675
21016.17798
7508.30090
15551.4102
530.13578
22742.17968
29782.12933
9966.8972
2909.9949
20762.19938
26675.8968
6740.31998
32252.31852
23024.28971
28670.19555
22339.19787
21646.19560
19112.19427
3856.3635
24644.22500
6026.2600
21480.2036
2409.1337
19606.18000
19746.31931
11261.25327
21842.13558
22302.6911
23147.11769
16810.8565
27847.30693
18317.28874
18999.32603
2331.24451
20578.16896
27490.4890
31722.18105
21017.9705
30195.5388
18072.8120
4860.13822
29853.10799
4053.27785
27904.19420
17154.25280
2542.2434
672.7685
32127.27295
503.24286
8355.22954
13365.24365
13965.25196
6263.27482
707.26161
24925.17194
3258.7715
19845.23599
22296.13919
24790.32564
4364.26452
9549.25898
11829.22210
17650.27907
12143.30152
22569.12905
8362.13144
11284.26901
23370.2802
23838.14262
22299.1365
18073.29532
30609.30986
19343.6144
12472.24680
21034.16021
11318.29508
6204.8720
26895.3143
10298.8103
30311.242
7200.23766
27060.26371
17598.18111
21795.1967
26052.10676
32464.5646
19246.21633
23205.2871
31095.6157
21643.26822
9901.15520
18468.8413
31340.31572
3146.20805
7617.29428
15157.1865
25334.7865
20032.19479
14860.31025
19396.30671
22106.10694
184.25467
6543.8500
24329.30367
14680.13924
5037.402
6679.30672
21045.7528
9786.25272
29073.10532
1933.7462
1731.11816
22940.10821
25926.21144
16570.17005
11132.2015
18743.7588
13921.32701
26860.30683
30750.17928
25829.26933
21362.9222
31537.415
368.21713
26681.6949
18668.12327
25443.27210
9592.15110
2603.2330
8456.13833
30661.12009
17534.12635
13298.4712
12569.21888
28972.21852
5422.30890
20021.30355
21839.14544
25204.18214
9919.10707
32650.13659
14703.5378
32405.25881
11123.3967
17752.11184
24188.20975
26271.31916
5737.386
19.5503
12445.3707
29707.29407
21666.16371
29695.15829
14732.15527
23501.5149
28638.1904
2721.31327
5271.29728
3367.10534
13679.23631
18139.21309
24547.32315
4547.14785
16645.8229
4356.11059
10675.30745
4295.3016
16419.25180
3729.4325
9533.612
6516.30517
19826.28371
31574.14615
2261.11616
13293.18506
18176.13865
26316.13532
15231.7891
30868.12445
31941.9442
14073.11868
904.5365
13999.11039
22163.13850
31065.10785
27607.10632
10629.30596
25220.3806
18758.6293
24566.12591
30920.17297
7988.28575
14732.6868
16724.3238
21005.29939
23172.29615
1739.12530
25052.18790
26247.25871
3934.9825
15877.13413
18825.11715
14321.6557
15090.25891
9861.17058
13973.30846
1401.13723
17848.17526
3224.3359
27846.6867
8784.28584
15639.9690
14417.19822
7973.24263
7495.2037
5192.27326
13409.4723
27433.15294
17488.11768
3331.4904
12155.27173
8350.11880
3421.22161
18356.8285
13888.8225
22789.4631
19647.15844
23933.32039
3652.25708
29879.7249
4814.13622
8269.1039
22470.10747
7087.13938
28027.764
31446.27328
30903.32655
11800.13475
25805.17631
3362.15883
28565.20119
8093.21121
11889.17819
14989.2131
19179.5719
12445.15311
32066.29454
22222.18985
19891.8851
7683.7791
17155.15513
31485.8019
29513.17900
2007.3513
9551.11727
32764.20530
24895.27274
17910.17464
18083.18317
1306.20991
28452.5014
28434.1952
4556.24032
3899.21629
28378.24896
231.22625
22989.12003
11317.27918
27879.23849
8674.13963
32538.26998
5413.10428
23273.16496
7077.31119
11439.10918
25718.14617
13536.22052
17787.24397
8616.10765
2945.31124
3198.30891
10829.28726
1084.8363
30038.10427
32290.21870
25433.28042
28859.902
7360.10068
20080.14002
19217.3631
8757.2177
19415.12156
2275.22842
8466.24445
21697.20889
22160.31624
28280.11179
4768.22195
24813.10358
4631.15163
12472.20717
23757.18989
20612.9696
26334.12546
30974.32285
23251.15443
30799.3878
2035.32348
11105.10636
7227.29945
12548.23102
24703.3975
14871.20625
1194.1233
4310.30388
20362.582
4835.15601
19565.12311
446.11732
27206.5006
1120.14806
23360.1671
441.7774
30522.2293
9191.13773
29717.5809
2121.15634
10739.10562
6542.24288
22004.14039
30665.29489
23825.12367
16160.3781
24876.27914
25998.25990
23887.32221
29345.12032
18859.4756
6601.7833
28283.18502
28819.28983
13710.576
21395.20183
30181.24481
27540.11565
29858.11935
2156.18973
8563.3477
31800.6946
31416.31040
4614.23088
26449.28084
14192.30959
30416.25375
12062.20321
381.8410
906.19121
1568.1298
17601.21826
3675.7253
18733.19008
19869.28758
30097.14210
1971.4343
21860.26935
1925.11169
14754.29480
6250.30492
18603.19591
7391.10610
16542.32634
17492.2054
17886.10583
13727.4618
20153.13669
17808.30346
3931.4182
15972.24144
16074.25712
25058.9513
23907.10298
30059.8955
619.21979
19582.31282
28853.20613
32336.4401
2588.10560
23073.30207
3329.24128
22016.18842
19312.28217
28090.222
8489.19743
31626.15952
23847.7286
1674.11935
864.2663
32212.12820
12673.19798
17299.18856
19339.4861
25543.16494
314.5125
28005.7739
31980.4257
18416.3831
8139.12771
32277.27374
13979.27953
14507.10710
28477.27562
20214.28312
28608.623
15150.2666
21880.30446
21431.11276
25699.27165
22443.14855
7172.22701
1174.8645
17708.30768
31327.25965
10019.4613
22131.1137
29013.8752
1881.29555
2805.21912
19574.4021
21862.25007
25728.12503
25842.16056
15321.4182
21351.1432
6119.23143
11148.20040
17724.13854
32387.21100
3971.13133
28415.17809
13192.27571
24039.31300
27869.8579
21808.7559
25506.6688
3381.14017
22653.8760
11457.18100
554.6974
19077.25257
15701.30267
26415.20189
8047.13250
24489.17525
26246.20935
27517.11936
6822.169
16200.4682
4992.19202
32607.8043
16345.7605
8654.14698
2043.28042
26566.26069
12068.23127
32680.8529
24919.14810
28615.2176
18384.9880
15394.6326
9718.22343
1048.15700
20776.13500
5124.13571
4811.22301
19355.22915
26256.384
28519.28998
30699.4623
4632.22182
1483.21094
5339.9890
7905.6838
16390.8862
15563.29488
2987.17114
12250.20606
26561.6833
2101.15439
5785.21313
23794.23502
20293.9738
1720.4169
4058.15931
22329.32409
24852.7037
1507.25881
32763.2978
11649.6334
717.6431
24588.24406
12716.31363
21786.31048
11213.10385
32413.23460
18686.20844
29799.28563
8587.15729
5048.950
23964.7795
3551.7693
21266.16127
24316.22250
1009.14558
5641.26105
27357.21608
23091.10151
20263.570
26603.3772
30817.29876
5241.2018
3611.8663
18036.680
4046.3118
26247.31062
28803.21827
14911.20595
16742.7325
142.27760
10171.1543
3933.26808
27262.26086
25713.22461
4016.28062
5119.4101
28690.14280
32232.6913
28272.14925
26807.20659
24668.5874
5210.11657
9859.28078
1985.24004
16978.10235
23895.2700
2063.11837
3165.22501
16602.8610
12751.8413
21864.14711
561.1252
15686.22578
25207.23601
3354.7653
3155.27404
20985.1904
16949.21850
8881.27613
12769.27266
7646.13455
32744.24629
1805.24189
28183.32056
22011.22961
5838.25876
5384.9259
28807.9022
31811.7061
18787.32293
3793.7396
24877.11025
9481.5425
32745.2387
32700.25304
32411.17259
6757.11521
21632.17899
7638.1339
25366.25227
22677.3464
31196.27521
9529.3408
28939.27001
3496.19628
13419.19210
21448.25052
21787.13158
1428.29258
22136.24050
18181.5787
13413.7618
1010.20469
32368.30679
10110.10893
22927.16450
20625.19900
26821.27534
6529.3567
23197.9317
16129.14028
4027.32417
13280.11829
2618.11185
30287.1550
21380.32097
1506.27915
7412.12915
11747.293
28571.11355
2672.14185
24508.23445
32353.6477
19782.7624
20897.23517
5449.12650
28865.3984
17134.29920
16982.24642
6336.23467
11919.22978
31495.16309
15484.12265
8668.10181
10389.15227
2688.17035
2600.18138
19725.22799
18076.20500
32015.8298
11732.29307
20804.20573
2363.13272
19743.6495
7827.16366
20866.78
5527.23377
103.27295
9007.25363
22201.32636
557.20993
6572.25647
32045.10155
1709.13239
3882.12195
20876.15712
12256.22474
29350.31372
23621.26800
22825.20855
6185.28102
1247.22652
10829.1371
8702.26501
32239.22429
6273.2427
4455.15589
10813.25083
23323.12140
3183.10224
18811.15934
17094.24587
24822.15700
28271.31569
4122.10767
12866.6368
26281.28560
8268.31595
2115.6729
28757.5664
1881.24976
18863.16321
27740.6662
25915.20591
8560.7195
30077.11749
29761.9964
6962.30686
9744.1496
513.5628
24066.27511
19465.11445
6348.28340
15107.29983
20470.8332
9161.22693
20717.8941
16577.18810
11213.25012
26342.4310
5527.8689
27530.12167
26653.6002
20897.14619
12291.24182
20755.30110
6825.18408
1345.17586
16389.30062
17375.10861
21963.17467
24079.15701
19631.32434
15306.12693
10895.11651
13406.31341
25266.18807
3447.6529
6494.20496
13725.30091
15418.4159
29643.10348
23314.32542
31683.25728
15155.24667
5982.25972
7479.14673
2971.17600
13719.4918
53.12772
9496.27997
7262.16185
30175.10394
5398.26277
32412.25540
30084.15042
17687.12793
26792.14820
9385.3066
10708.1171
24629.29456
28163.25656
23589.10355
28317.3447
8486.12114
13377.13085
5873.15368
15633.408
13694.14177
31921.7834
2275.28012
13204.16573
2185.26202
29680.30901
28342.23486
12143.25033
9711.31838
32276.1753
14387.28689
13020.31939
7350.4153
21438.168
1179.23346
15081.15921
21483.11529
13763.19052
4773.24910
4265.24774
12343.22009
1052.11317
4784.6291
9338.513
1627.5832
23969.29220
406.7054
22349.12283
24063.971
17437.13554
26541.24474
3328.27573
27097.16565
2271.17535
17842.9984
27052.10932
26160.27613
7625.941
8405.10757
15328.26096
28281.163
24482.23356
17783.11583
26156.13811
6157.6810
28797.23813
26783.15071
20853.2502
6290.12421
7237.6749
14177.27202
28135.10470
13148.22394
22090.14118
15795.2552
23062.4462
30879.14449
1518.246
18222.3390
9827.29097
32089.30449
16189.30451
18573.11181
29969.23287
12202.16522
24635.7505
28602.12398
29500.31485
24862.1962
29813.30180
17767.23307
25055.28182
550.9145
19373.23380
29505.20180
20490.16429
6672.12332
25029.14818
23424.13988
13619.26406
14242.29934
13996.10425
15291.13984
3366.30420
14400.1667
28025.9648
29016.30005
10749.16309
21575.21903
16287.25371
13354.22667
14504.21193
25200.3635
22446.13320
22719.27718
9595.25359
16960.28999
32463.9007
1365.5208
2445.2835
31465.11170
2272.32255
22128.7875
2776.27220
14060.23026
32674.14319
26854.13719
12995.14927
31746.28911
27990.3414
25292.21899
3195.29725
6172.30823
1204.22037
31114.16465
19392.5160
29007.14292
14735.29795
14165.25412
23057.18008
12046.28334
8660.7752
24944.9799
5575.29106
21289.23845
23094.32579
22127.7585
20940.27204
29447.8181
11910.5210
5891.7020
27310.3803
6276.23512
28318.18205
23300.4314
24877.8758
3663.8399
12309.13769
2801.3063
11034.29527
10432.23096
16556.17031
31337.30695
14935.32508
29623.5566
28742.12509
23944.11415
15411.7108
27174.19602
15000.11462
1939.25079
22125.27146
30068.22874
23727.8080
6731.27226
27951.14723
30811.9069
22278.10681
16989.13526
23565.20387
23851.2053
13210.32565
7484.21226
14038.32412
8172.1256
5192.16506
19224.12490
9897.16968
27520.28569
152.32640
21107.17655
6587.19285
3870.20839
19922.18043
15872.32259
31522.6332
23491.9192
19582.16364
6524.16884
17459.8023
7558.5151
15510.7886
23944.7816
29003.15595
14117.6438
19526.23560
19957.18449
31552.8123
29351.11720
23051.20626
24298.10256
26837.13262
30076.7874
3898.26542
19025.11763
26692.32668
30465.29694
10498.10329
18997.29318
2976.4448
27456.9706
14803.24116
21084.7280
11642.2453
13315.24058
32148.6377
21793.22250
3632.28954
27490.15859
9696.5398
14939.25899
1198.12393
8284.29336
1283.5496
2680.22842
7553.3987
10090.24962
30760.27148
413.20403
11288.4049
4185.22872
12085.3163
19187.7669
32612.25441
17780.12016
15049.18426
23208.23839
9905.2763
9343.10991
14632.29185
30354.23971
2475.723
29184.3022
12852.12795
10914.10239
23285.25084
8193.32240
19634.21865
13981.23140
10971.1173
8531.6352
31696.30282
7729.14991
7774.1046
3122.26480
12091.14875
21555.28745
18446.13194
1068.26102
5443.18678
15222.9451
11370.17229
11413.9358
1746.3624
5500.27163
28960.8283
5369.10732
27801.3083
2190.4043
15083.273
18547.21334
22314.29003
23961.31678
22707.20664
15543.18449
22655.13999
3638.3935
24823.1443
11426.22908
31031.27404
25238.10711
14923.10980
6848.7238
2684.11322
752.15888
4934.11544
30747.2944
21742.14396
6191.31239
28255.25257
12055.4443
14131.19043
9585.30818
3599.13534
16386.28555
6171.2704
23032.5363
3714.23995
27089.25051
14986.30460
14179.31319
8902.8429
1707.20499
9345.4069
15978.6887
21906.30121
25977.14511
9194.7744
7913.16019
26308.6181
20987.31612
462.1198
21551.31160
18427.18
1053.1573
17500.13696
5893.10622
30678.8099
13551.10455
17980.12225
4083.14381
13084.274
2850.18828
19899.15129
15101.15963
20491.27237
24411.27255
16106.16051
3999.23051
7277.29289
28819.27537
29889.29610
4573.21286
9890.26961
6407.6378
12334.17519
11015.29518
27421.23452
29801.29728
19832.24007
28906.16446
6442.23376
13978.28263
5795.11694
23317.28331
11914.14985
27418.15662
17862.21107
21058.15577
21445.22338
13992.26498
1526.32548
23151.24440
31999.19277
4459.2612
20324.25972
16708.6880
5916.29251
23061.2567
24754.21570
27965.12384
11525.16133
4764.21023
31169.15512
29392.22580
23292.12482
3902.14993
24018.1017
2325.23165
22612.25680
30158.12411
30955.21382
16253.17156
22988.11241
21139.28346
15226.5040
19516.3870
28825.5414
28289.18636
27893.24636
15528.10479
22030.5873
23867.13535
9665.4134
17593.4829
23703.11645
29288.6677
3399.13353
15507.20584
30631.10744
23056.23981
8907.86
9148.3579
11200.24055
10536.13993
19344.10653
31317.11324
22857.7977
30147.29697
3898.15353
11490.8761
28266.4609
25964.4544
1553.14621
24390.14029
22074.1304
27662.26262
26743.26059
10796.28923
2955.8015
28964.29199
18735.185
22203.25872
11116.3198
10039.12964
12678.29042
10316.30664
7150.15495
30380.4594
21540.29320
17835.4099
22859.17341
25756.9080
30006.7127
22232.8755
32445.16837
26543.32435
5806.11897
11563.3809
11057.4904
16904.2414
17811.30219
25482.29469
16679.8249
17297.24966
20875.32138
2007.2497
20426.12430
17354.12545
5746.29852
3058.29548
7434.11842
16403.1089
8768.21942
18240.13462
31139.1947
20206.16515
18331.29678
29164.22662
2124.26420
5585.12235
28698.9562
16145.365
12366.2976
8221.30990
18551.30739
19258.17375
9834.29767
11125.2717
20788.15762
28817.18062
24988.24063
26342.28636
17077.20078
10232.24236
7336.28078
31974.4812
27765.30750
10356.13023
19211.5761
14649.27780
23427.29421
7642.20284
20392.9068
12036.19529
4900.10916
19683.30989
8738.14219
19843.1000
2453.28206
5970.17744
3052.13292
3495.30171
16039.4710
26175.90
7808.22815
7519.7448
648.22256
19835.30183
5139.29639
11455.20677
976.30138
25791.17853
21874.7008
16833.6896
26159.4603
6161.26372
1126.8733
24192.641
23722.14448
20001.25640
16697.6586
12498.73
29827.5406
964.30301
31059.29019
20520.30812
13350.11614
1578.18619
18111.24388
22992.20588
24263.29946
30458.8742
2900.1887
14228.12842
8751.3981
14813.12119
20788.21107
32535.26574
1571.3713
15207.9856
21158.4149
5400.19069
9377.13244
15245.489
1255.27496
24204.5996
19642.7202
5999.23633
17116.18005
13114.28266
27846.25545
26910.6211
4104.32212
24655.20673
1025.5736
27652.4682
3503.24527
17199.4426
1179.24085
30200.2246
31657.1281
16053.9219
23491.14538
22991.2753
16015.28930
8766.19255
2437.2821
28795.13919
21880.27035
1938.28761
31327.26354
27589.17107
23070.21303
31815.24491
14941.9452
14186.16562
30452.24711
24122.30499
11534.11805
24369.28554
28551.23654
26466.29688
16004.24543
22676.24127
19573.31198
7628.17950
15183.14555
10374.31464
11214.20519
11190.32395
4027.25315
4915.2142
12661.12428
26110.8867
19885.8125
20668.15213
1419.29388
2149.21034
16733.12123
7567.20661
28742.20619
10781.15020
15256.25959
19561.14291
20514.789
32727.8860
21832.7003
1971.16853
15655.20369
18077.24636
9859.31966
29162.18982
7494.25619
22013.9530
5256.17024
10323.10817
14835.26054
14685.27752
26215.18499
2243.16444
11407.29540
26075.12299
4936.3410
3048.29352
10471.20875
25895.31627
26018.16086
11654.27885
13100.12942
3054.30075
27511.14985
16501.13164
16183.9139
26049.10909
24551.5135
16569.18370
7846.30106
21789.7786
20158.28246
21441.6414
20924.16539
18064.21484
26105.17041
22902.6574
978.611
26870.28937
20046.16075
17615.12551
4489.28624
25599.15249
31923.30246
25476.2235
29177.17211
9522.26116
10665.3877
18811.23301
21309.31987
27423.1574
4286.7058
3584.23547
2602.20036
26736.21674
946.25661
6585.23683
2781.24486
23521.6674
7033.16507
28262.12024
5666.17431
25963.24528
897.6934
20903.17581
5670.13697
31041.2094
3256.8953
28106.27811
32647.2667
15807.26243
17792.17193
21303.8333
24934.15254
26322.21154
8531.10337
21935.5225
12730.416
11779.13436
7164.29983
4494.15046
16317.25050
24873.2874
8470.10453
19770.30938
21137.12398
6386.26535
21218.3821
24521.20711
6866.30039
22801.10313
19462.5085
761.10659
26583.5868
16697.3700
14699.20997
10204.12731
22215.15570
17080.12225
15948.10011
24589.32582
6297.16764
26779.17620
18464.23976
17818.27842
12771.6115
30704.23151
20303.12945
10987.27702
28604.13674
28272.14721
20892.5669
15420.20180
6272.21063
31164.526
20640.22456
1453.19362
14267.30275
19205.8026
4682.11644
24589.13385
14808.25328
12284.3110
9981.21569
27307.28940
16032.4615
2188.12704
30914.22570
9255.8967
28871.1292
8837.22992
16261.19138
8211.20143
6558.14463
30377.14383
14244.14938
11297.7390
25771.1414
3233.22490
9541.7263
8866.26004
9997.11239
19914.5251
4957.23359
31338.17686
9413.731
30004.2222
4480.15805
10286.2134
3633.31102
18837.2414
26112.13976
12836.15753
2706.257
27658.21702
15835.4719
5088.6841
10953.10215
25650.13998
29524.20206
4350.31599
21116.3514
30424.24629
7811.20413
27411.18129
1896.6711
14966.3411
22887.3816
11631.23929
1204.31464
23676.29007
31829.3900
29721.16190
3812.7608
12199.7476
6780.7889
18657.2090
1271.13262
21986.18144
2028.24865
5339.29731
9447.9503
7224.21890
17975.3239
21003.12843
9897.13160
4833.4002
23371.5709
21475.28161
6676.24988
14871.22252
1675.14426
32734.22292
9954.29955
21758.29653
24643.30850
16582.29511
7762.4583
22378.23125
12942.6092
6263.27227
4724.18303
12312.7984
10427.8365
21560.20344
22771.29405
31289.25519
346.2986
31503.21048
15957.11357
21018.30390
10124.16383
7260.14586
4127.32535
21291.18929
20678.30346
881.27575
32488.20297
25480.23817
9101.25478
7021.23354
29795.1654
21364.24009
13847.18265
4523.23708
12653.30231
15722.3344
5667.28699
29556.17904
16226.3552
27352.1920
9967.8940
4263.29001
6811.4288
7055.30126
23451.12954
19883.23917
8206.31700
9819.7336
5553.13505
4208.15843
8445.30793
22553.30397
31613.4333
30870.13688
18709.4619
5883.24198
2564.8166
9984.19136
14858.30512
9707.6059
23499.6243
7013.9351
5704.10155
5401.3545
29777.29088
23054.14658
1017.22839
4002.16946
29932.27028
21167.9496
31324.16691
754.32639
7577.22844
22598.31146
6495.21289
26935.21834
625.26996
10046.32493
25064.32158
23759.5758
735.9400
5597.3356
796.1848
3642.21778
963.8251
31551.19413
9136.8532
11523.4910
4998.21481
8862.24332
4458.4863
21807.16177
11729.7964
3423.2017
18606.9443
7610.2188
9239.26869
6223.2395
19074.28107
30544.18077
3108.14970
28230.8074
20688.3168
18886.11574
7696.23720
4135.5165
8296.9992
27756.20664
6705.18697
4274.14795
10042.12011
19014.4862
7549.10519
22552.31396
25975.13661
29459.25354
14287.31337
11041.28667
3128.22491
22979.12956
13365.20634
24544.8222
18223.917
5152.13585
15539.32635
22568.27532
161.25072
4544.6396
29420.4164
6129.2203
22168.10730
2250.23154
19644.1902
8568.11711
9603.17335
899.6520
7380.31088
27886.8963
23121.24996
30669.15110
19061.32023
21564.17133
4450.3306
23563.28612
27407.11615
14418.4220
4905.24439
22121.31031
11070.23154
12612.17272
26639.24707
22946.13728
8457.20512
25353.20348
5151.31424
7793.1850
31628.27783
25628.10559
24979.24921
20070.12376
25683.15552
24823.185
19145.30137
21119.27480
2442.29617
18280.23623
28030.19662
17785.12727
15327.20150
28863.9485
25911.269
9582.27007
18226.9841
16736.8496
12493.20454
21701.19106
27705.8468
8437.17930
7080.27527
18306.13734
15175.11944
11983.11984
10434.11570
30511.17669
23328.30056
22677.14140
28782.17811
25011.32099
5599.1477
6005.7664
6696.29321
5495.8194
23073.20914
14609.28967
7030.27513
17729.130
12204.15778
6324.13994
13432.15739
27712.14709
22167.16557
8637.17017
14300.12811
24990.29716
10963.19836
15145.10162
9383.189
8625.7114
19030.21564
17845.4802
26975.5351
30489.18471
29953.7230
14563.24167
29329.18343
9143.23871
30135.5623
7292.380
31159.7184
1675.25187
14829.32180
19919.32630
3923.2056
28798.11141
1801.17979
12198.29379
18466.20601
32194.11073
16556.31809
9024.933
16144.24695
8081.31139
29985.13114
11685.12438
19930.22272
2252.22017
5756.29069
27778.28015
19182.26420
9279.864
3707.22655
6317.8322
10254.20580
12227.25764
28839.30402
26907.2600
15040.23927
5022.12531
16221.15103
32360.11809
30603.27386
18463.26621
19482.3379
25657.7169
26631.9052
3486.17987
535.31774
16415.31490
10420.25267
18534.9901
20641.1506
18783.17306
4840.18034
29185.32737
3423.20777
26678.32381
10784.464
13445.19160
26757.10823
21019.23388
21325.17979
24794.25256
11674.24629
16551.17989
6373.24977
4180.27084
19121.1432
7768.23238
31651.12586
3057.8454
21466.17425
8783.17081
20714.2952
26219.18819
24416.12584
20919.6955
17359.19487
16256.2984
24017.26717
28441.11902
7583.16272
4694.32601
32721.945
2017.13412
21469.2238
19559.8209
32426.3927
20131.17533
19777.9541
10478.7047
7594.6658
23890.28222
10290.30039
10962.30573
31500.12627
17408.10615
29496.7326
1542.1120
21200.18166
30631.569
9816.18157
23940.28883
5767.8510
18577.15012
3000.29572
21650.21630
19600.25256
3494.681
3152.3042
21142.31519
26563.22821
8220.24056
17234.21157
14728.2305
22329.7513
25869.23869
18421.6855
3051.18097
32140.28433
945.23052
14472.616
26158.5449
31226.2101
32299.29796
4225.1733
20479.17892
28735.1564
950.16535
26611.9670
3581.23933
29567.7849
3678.16644
8259.28562
330.32414
27087.14495
1282.22837
8112.15135
30883.1953
17289.26378
4213.20855
11563.15868
30501.7284
3572.1776
10726.23197
19391.32114
14671.17807
23378.8582
30790.27011
30549.9716
28887.4890
32511.8388
26240.17123
5564.27740
16085.30255
1251.20067
13316.6722
6607.31937
8080.20707
19754.1157
5048.18387
27104.19930
1839.15756
24997.30925
9745.9924
7877.3792
24166.2867
5656.24561
25189.3059
19487.25414
8303.12220
6667.12787
6797.5829
23850.22185
22953.25153
27816.10500
10962.3816
7670.27780
4278.31985
19561.26908
31649.92
29590.17647
10566.1533
14291.22090
30952.8392
29655.22059
5661.27084
8844.28005
606.8416
23312.29130
7214.25815
19383.2481
192.21581
15419.19523
10834.14155
2044.10762
23346.18941
2631.20064
26904.13931
5219.8748
32148.19605
6371.28399
8885.28850
13679.20914
30731.13072
29844.26084
13280.7954
12782.29103
17455.9226
25774.17398
21452.9293
15359.19932
25002.20454
24405.6298
1342.6369
10864.21562
15521.25642
12597.27779
14534.27315
18904.22425
12953.7821
29299.31720
18989.8290
4885.19747
19696.22156
19104.6998
16284.10932
24943.7981
10487.23559
221.22261
28017.15435
27977.11590
16633.32069
22273.20991
13112.27952
16954.27591
7401.31204
21014.22173
3347.24296
22815.17477
1631.103
13404.13934
24809.27383
23474.6588
3917.15136
763.11312
31488.2425
428.9149
29555.32329
3561.27720
25039.12940
29346.32678
4327.20172
28972.3474
19588.25826
21510.278
20503.15704
12608.16148
28421.8127
25306.16809
17408.26715
24410.30502
23289.23108
8947.17870
12164.1567
23015.29726
17852.3591
1228.31397
15742.30316
27850.4699
18193.19841
29415.2105
14682.14586
7017.21946
10350.26246
31077.5280
27527.25953
28407.4212
29477.11277
3606.12415
8396.16606
20890.28134
19948.31866
29735.31135
10846.11425
22403.3501
6132.5138
6840.24410
30331.2828
19201.13661
22486.17543
10538.27140
9044.14572
17005.32735
14507.25496
28253.13484
19588.686
2070.27664
32649.211
10728.25649
4703.25968
22329.23361
31272.8595
7262.16348
23330.16872
21892.18488
15810.1661
7629.10288
2549.6655
21749.23965
31677.28162
21501.19734
10326.2433
10161.14949
16406.647
20503.27761
9615.5566
14588.1173
5215.22229
12519.10120
26128.32204
23913.28763
4444.11269
5398.24226
10507.29215
17130.31361
6102.9793
4737.20322
19599.26877
14407.6920
12509.3568
13317.8696
18382.237
32747.26709
6282.12550
78.1224
20515.23980
23212.229
14620.4178
132.14173
5902.5942
15751.650
30702.26502
8715.21641
2359.10396
12259.21860
16384.13172
12772.29844
11594.2517
7018.8028
25355.9450
9735.28189
14850.13482
28533.23648
2435.11842
26233.7643
12341.28001
6843.25671
28587.13157
29499.6591
11204.25312
7791.25512
9889.4062
3957.7818
25853.16979
29722.5058
29096.1316
6354.16605
9826.11832
23696.31590
11704.13660
31796.4851
31554.32429
2582.11152
13926.22640
3171.1576
12547.1440
26426.12371
11758.4652
24058.22485
21455.29793
27426.7599
6298.22633
11167.24839
11417.13316
12196.20843
2032.7546
9188.31054
27720.13816
32042.21649
4436.15079
6002.26122
26978.27494
24868.2317
3860.8664
14017.17527
7543.18894
22805.25156
27015.21757
19111.18478
21742.3001
11229.4296
3216.30421
13770.7092
15005.28822
8305.19600
18153.6175
12778.7428
5963.19025
3023.30675
3123.16393
388.963
12720.5073
6785.18127
21892.20546
9010.1027
26777.7502
17490.18417
2700.28277
23603.7841
24135.1310
5208.17911
7708.26784
12742.21598
9468.29622
21379.4897
13654.6126
1553.1154
4868.14330
26609.7941
19757.31061
7178.21687
21262.22367
28701.4731
5268.5992
32316.13297
25956.19684
6982.31470
18727.843
24052.27404
18344.16559
26916.1513
6581.26030
27569.1369
14390.3806
14109.173
21140.22445
17088.3775
17268.4491
7077.17295
31953.9656
9951.14367
20312.17632
23264.2945
21953.3300
18061.22040
12617.24834
9699.17825
7310.6857
26508.3708
1815.504
18721.16305
20527.2273
11532.688
18223.9281
24863.19632
27438.29645
32696.21471
6374.30108
6576.22712
31855.26189
22149.146
5198.29547
28658.13976
14515.11316
17549.28583
1062.9930
12386.14050
26962.25581
1140.29622
1724.26673
30336.5158
15148.13828
31751.8636
30288.15456
23248.30265
25112.21671
29743.7002
4789.2974
26928.9547
19104.16152
9658.32195
13140.236
14995.14564
28083.21536
30653.23424
4578.26659
2637.9156
30118.28985
11256.5552
15680.12711
23356.4600
30085.13838
29631.3197
11547.7577
27976.20210
19362.5787
20543.25601
6497.22418
26481.3
17921.24054
1218.31885
29183.20268
26736.4995
24803.28096
12118.3459
18502.3825
15557.22882
14853.26500
22701.41
27769.24476
32296.7307
25630.24863
36.31786
25410.18816
20610.23744
3384.16485
9068.14507
19797.29199
30246.6835
7876.30356
26850.30400
31576.28804
6262.17567
24451.2507
27492.28623
657.26421
15333.4601
5619.5096
28435.31782
6511.5661
2167.25278
8612.31597
5921.20158
18949.16765
2334.4544
4608.25037
30713.7063
9840.9800
25199.29660
31493.419
9250.12738
6354.5804
13256.3162
2009.381
14393.7298
3368.14954
15720.23073
15242.19597
12271.11246
13626.10618
10882.15481
28753.1507
4556.12805
15846.15000
20047.12699
30659.10297
3055.31819
7927.30137
22266.9056
9404.218
12365.5642
21505.18491
10288.25386
17170.23552
8465.7440
21296.22753
569.1926
29548.11889
10460.27916
17447.3574
10641.18875
32750.22078
19722.20628
9450.5354
18053.6587
4404.3673
23229.1137
27104.26078
18749.3337
18764.956
30768.19154
11988.7013
15797.20570
14419.4426
31970.10066
19063.8243
31477.5045
22684.2417
22107.8411
29537.2383
4293.8310
10105.29639
6163.25782
6432.16757
2681.29592
8276.9221
6099.10048
10564.4940
27018.30014
13523.22692
25457.18708
20634.7529
16814.16139
32393.12593
27315.1742
16962.21172
32288.30294
16685.29727
27763.10180
5762.10321
18761.26546
25153.27750
3771.6160
31902.5326
6443.29443
22410.29259
9227.2603
7801.18466
21903.31736
28461.7611
17887.8540
32224.30412
6612.16653
6905.8665
26353.7219
20760.20002
25422.32442
271.5633
1225.25896
17271.26183
12313.16774
19949.21755
17585.15819
19167.12517
9187.29461
29395.19455
19741.20935
2179.16524
27650.17070
14731.29333
26709.22177
32157.2720
16473.18299
12994.14130
7739.22132
7.11112
20085.14852
4211.7266
10309.6606
14900.3501
15890.11864
15874.21675
14908.23827
2115.11637
7937.8994
30928.8143
13820.3366
9351.31159
31825.9636
5167.8299
10433.6455
15218.20899
16030.26589
6045.22125
3383.11075
13874.19335
22816.19980
5290.30260
19240.3744
32.26608
32219.327
22572.20333
32016.19914
5836.2577
26772.18233
6519.29576
24839.15594
18709.8872
7764.11518
6642.27597
10115.28231
28474.9991
23126.23657
29139.11203
15353.11776
31266.17256
7529.13871
22549.1463
27901.21933
20970.26296
18313.18107
31208.10214
24552.5202
21826.25848
29569.22237
5790.2242
3532.31917
31367.88
20466.10390
24697.28203
30388.27903
8932.7785
24123.27592
22162.9347
5412.21556
5884.9069
10981.32511
15316.1458
5592.10898
26784.26835
24430.32108
32150.31255
25444.14897
6570.10965
16872.3323
13687.4667
18616.15092
24142.10286
12732.2930
13204.15933
10604.2169
18307.18279
10505.29274
4105.29815
3337.3638
24961.21280
17105.20245
1410.5354
14689.21455
8362.7256
4284.19212
2546.1918
6262.24898
15926.8522
15349.27348
9139.29986
6451.15620
29285.10411
9875.19704
20977.16642
28714.20520
17896.19004
34.31042
25220.2108
12123.14245
5570.18952
23501.21686
24756.4129
7812.26167
22019.11329
24631.32280
26989.12664
27830.30214
27895.1648
32118.27660
15998.16812
6244.7591
4882.14820
30049.2685
5106.15702
543.26465
30113.6469
4523.25741
10573.90
21739.22056
18953.16029
18927.16896
23843.14418
14673.5540
976.2687
14924.16269
20992.20261
26431.28581
29126.25974
30290.17925
17131.17829
6263.16710
3672.15783
10412.31732
24273.28076
12344.9039
25964.26949
30635.19388
2131.30318
8303.20039
23113.29181
25602.2120
10387.1095
19795.24720
3917.257
9000.21076
32491.26884
31406.17456
7938.5549
15158.8586
15161.27629
8569.13782
9544.2744
21417.32239
26091.30543
18353.13834
31767.8020
29631.12194
32258.31505
13699.27876
25830.23429
10134.12722
14395.17768
1374.13174
1847.6740
7845.14006
19814.29491
30069.15125
5496.6830
2595.9869
8634.24293
14390.2417
8309.4967
21540.31045
3293.10270
28200.9640
4400.17054
11176.595
31154.10129
28145.3371
4233.23939
25245.12934
18718.25597
24386.2140
25018.25743
13711.27671
28957.23676
21975.14386
14308.30701
21388.7430
27013.3773
4096.14105
13008.4832
29505.7668
18958.23909
1178.28971
1781.23605
2638.12437
2296.19727
11642.14170
9458.5995
14862.13142
15593.5169
10265.11289
15694.18223
817.1174
7866.10611
4946.16431
21230.26071
19010.21632
20812.12038
10247.16656
13052.9661
23388.24538
18986.15100
11196.10513
10140.9474
23439.21703
14760.11481
18879.12253
17624.14183
16786.26861
30687.26182
29804.11603
29570.4249
26548.705
17540.9897
22600.26152
13006.11107
17803.249
4564.1867
17905.8439
14490.25653
18363.19302
17135.28820
24607.841
884.9890
17115.24268
20990.30062
29684.4202
11884.28952
438.19382
24433.2840
805.27694
9630.20893
1997.17466
7284.10800
19485.20142
10402.7039
30512.15825
8194.8989
22301.5775
17288.10495
20623.11375
10262.7947
2899.32701
20476.12062
5026.24433
6825.29623
12466.20525
30775.13775
13630.5450
24421.25060
10286.3156
16774.2330
14985.2894
27251.22211
20181.24247
26138.18064
5517.19925
17839.5899
27523.6545
28822.4447
25989.15077
12576.19634
18804.6026
2502.18278
23000.14542
11555.13491
2530.11257
21147.2744
10291.24006
27526.1885
14989.13296
14383.4759
31438.25790
14845.22118
1303.18474
15011.1152
25015.10620
3309.2509
18851.10138
7160.5087
26971.22984
23436.22647
20396.10396
16350.10758
19322.31279
8785.22600
17741.20395
18598.29141
22937.14871
24063.3043
20149.7886
8730.16501
18253.24118
4841.32068
6526.18541
6176.19670
5187.20982
18761.26903
26748.20318
3782.1493
8568.3941
8944.23274
17261.9591
18767.23401
5270.22503
6888.2152
8793.29468
19368.19431
10600.19919
21489.1043
7563.4415
22665.25173
12992.28004
19119.4481
30819.11415
18644.7398
14530.30979
11497.12839
17023.10154
7510.26243
18903.6623
21489.25997
5947.21307
32297.21916
24087.3379
9367.18437
22443.675
25994.25463
26253.5306
1900.9667
28240.4473
27050.9439
29592.174
8377.920
12720.31296
1014.3906
5543.4627
493.31049
8056.4056
32256.31780
8647.6911
27861.18661
21655.17888
21353.29395
10814.10766
8388.2285
4816.31083
31416.4460
7443.9434
11550.1355
1903.2239
30204.7354
5669.27759
20812.1224
27513.7384
24118.29303
7691.24808
8599.15350
7199.31249
29196.3258
18750.31233
3267.19419
11571.15983
4250.14434
11688.24224
11411.22847
16904.4663
25651.13617
15296.31272
24554.20773
32393.2398
30271.11127
1241.804
11216.27350
29321.32519
12477.15661
17936.4610
16311.4928
11956.701
18452.28144
29194.5417
2649.31394
3590.21529
7851.5344
21398.11699
18596.2494
20655.6284
4151.31762
8374.28505
24568.7336
20120.30419
4110.21686
16176.28305
8288.2091
18088.15504
16276.21510
3880.25943
15372.30150
13477.25677
22498.30159
8420.31712
8957.3753
29535.7974
8266.23690
6769.22456
5499.18848
28798.3480
26407.18466
9081.24505
31018.15608
30857.29237
9681.12697
26607.9064
10081.12594
13551.29423
24897.9009
15191.15673
11539.7310
25946.25028
13215.16985
14222.26430
19720.21132
22022.13931
16605.20005
15110.8246
15648.26844
20120.2225
28200.16348
13047.1644
3515.8562
11887.6059
15606.8661
24300.5327
31455.32478
16727.30450
3847.522
23917.11680
4218.12942
8320.25959
6716.5262
7933.6279
9901.28858
30523.30015
3524.2071
9290.10498
10060.3223
26758.16615
28848.19790
24571.19446
17673.8718
14501.15355
4995.27312
28388.30980
13918.16515
15960.2392
16846.11270
27758.17138
25739.23699
20065.14220
23146.16037
21779.24030
15579.28790
5402.25033
15548.12369
7006.32471
22427.1222
5943.29081
10355.9855
411.4115
31725.28840
22876.1967
19328.10281
8706.28666
10620.25487
30032.6698
24616.494
25840.12685
438.5914
21951.13863
27512.11267
31171.16031
8912.32163
18018.31634
4943.12236
13641.20027
21000.3329
16457.18689
13781.31075
18016.30948
692.2826
4660.6407
3978.5567
2272.26524
23664.16537
21401.9951
28254.6401
683.11097
6753.21540
20597.18391
7329.1044
30568.4354
19736.22436
9668.2730
12141.5156
10971.2950
14388.4287
5786.18667
28116.2727
5141.10780
29599.4189
9262.3634
6578.2507
18287.30216
22470.30943
11381.12005
26706.11877
9962.31454
5593.30670
17641.32050
14451.10710
4713.2979
993.9612
9873.10100
16258.2284
29764.13712
9702.9121
9363.25889
13315.3445
14618.30639
28539.19719
10318.24117
7410.8682
9525.30727
8987.24384
31761.29730
18670.17716
6372.4673
19972.23999
26650.12477
20878.10085
4517.3910
2295.28042
6941.6694
16947.5573
6580.6993
5044.13966
21546.4105
15878.20130
23282.30042
31041.28532
28130.23521
26486.29423
30539.14218
22497.30492
22311.26623
22412.4678
24720.28219
29451.25288
10058.29063
18656.14600
21408.5184
20506.6880
3574.20003
20348.518
28110.24262
4373.312
26520.24599
21291.7118
9873.25829
24720.26497
1298.10557
27951.12368
22246.21982
4194.29174
12257.2981
26151.9204
30916.31464
11104.2627
19264.1621
17777.32381
8285.17835
29798.23960
20449.4427
6656.15735
8527.32252
25764.13837
22193.28178
30637.13620
25967.1874
19273.26701
4338.25259
13567.10381
8165.11798
20218.13102
4906.30508
16871.9611
9333.13318
7095.11366
10074.7107
19604.29488
26910.31111
20267.30887
12475.19057
2946.2036
1403.230
3979.5966
31030.21808
2986.14322
32200.1461
25089.3327
26370.4751
5061.9158
12872.22272
6214.21819
14947.12356
21933.17228
8565.20541
26357.30089
24639.22841
32579.1555
4383.9869
26482.22194
28207.27418
10494.8047
2586.30720
2459.23558
23140.24654
10093.21925
20443.20484
499.945
31690.29027
13880.17180
10205.4056
20420.28516
28030.10170
19549.4944
15955.6943
2549.21633
3404.30344
29511.5528
578.32311
15788.21320
19848.1453
24529.29335
2663.5244
25176.18363
7963.7210
28221.8032
30632.27104
31887.8619
1239.1158
28443.7246
21147.12406
29712.1708
13726.13156
22744.23235
7731.600
7913.18877
24945.26801
15324.18409
3444.11714
27255.14168
5721.15971
16177.28042
9787.17711
8598.12704
8081.4706
17891.26420
4472.7393
18862.15712
8959.6849
93.4416
14274.11657
5705.4927
29747.22403
23874.9611
6930.9477
22461.6127
29920.5446
23133.28291
487.15540
32736.11397
30762.2894
16180.3000
23673.30450
27985.17151
16484.12293
3908.6121
20104.9100
19278.31292
2908.527
31041.31317
23874.23362
15326.16076
32403.3393
31472.15084
13380.7024
26056.19445
19328.3912
6466.21111
3014.23088
14689.5061
32321.19302
7020.8278
19248.12890
5330.10470
17529.22880
16554.16171
20886.6701
5072.14622
25177.32534
26481.11802
16697.285
11005.24119
9921.15146
8069.25058
2236.23340
17236.14034
6378.27804
21734.4270
19695.17621
14898.18446
8689.23233
32393.17949
29381.7973
31946.2861
16834.15303
14026.29027
16954.9819
5626.2421
10450.1309
13746.3135
19186.30355
11350.15426
17378.15360
12404.2804
23946.9485
13470.31329
31564.25361
20887.12679
2261.21660
25997.30047
24846.17409
31992.10672
20971.17160
20815.13246
10089.10114
32107.27249
19746.9607
21377.13762
3919.3611
1525.22978
23504.20111
14753.12352
31183.17425
14665.12519
13665.27907
28481.26447
968.22554
4953.27598
4295.1195
4585.1352
21984.17638
20651.20319
6341.2565
18250.15171
3729.31815
7656.9941
25826.14425
16431.18110
5724.10835
31221.9359
18966.16770
28300.13718
27152.26801
30414.30221
19901.21914
13299.26960
33.29668
13209.25367
27551.15910
20947.5424
31469.26931
18624.29032
153.5527
4999.8348
19858.3091
29826.9968
2900.27379
29257.8053
10368.17687
19295.23298
32180.30177
22414.3735
16714.25335
27060.25954
4284.32025
4082.31855
12092.23000
13853.29336
20730.11158
26102.30331
16221.7851
19299.5607
10391.15003
25687.8946
19464.29963
20585.30024
18632.4708
5912.28480
20014.16178
217.3030
29009.18101
20321.15118
10009.27227
16070.968
14235.10551
23980.27275
7212.32026
28896.28963
15749.23710
3335.23275
12909.3821
25990.18520
28932.22993
27895.24153
994.31745
12439.19898
7910.31895
3477.31914
6087.7529
6059.20660
9444.7107
1920.16852
2474.15443
29868.14502
2992.3184
4591.15074
26569.28182
18717.13310
710.4168
19266.24562
13610.17702
8310.3793
14120.31572
6827.27269
31856.16516
32185.18726
24596.20699
27511.16682
12867.7027
11327.13824
19996.13914
9032.24205
32058.6166
4445.30866
3604.29130
15182.10707
29459.18605
31939.13701
20511.14665
2382.28919
18738.25192
3310.16553
17215.19538
30563.25743
20113.29930
3178.17691
28907.7217
16531.20113
28188.14946
13842.2847
23777.9126
17147.3444
26450.22456
15961.30850
21214.21004
7537.860
2870.11941
17780.14169
23916.22298
4689.767
7902.18329
16675.12838
3771.1822
20748.7265
17625.24904
3449.9318
22425.18256
16731.13907
28616.21856
5525.8809
24835.352
7346.17075
24721.24491
11063.3847
19778.24299
22959.20822
6694.12420
8920.24718
15098.2940
3878.27507
14707.26908
32273.5169
26497.3088
13242.7109
20379.18235
27301.21853
3183.7005
21186.5528
27472.24231
14653.20226
11258.4595
29116.18065
14656.900
15382.3849
12713.17340
32043.20953
13986.7688
17825.18515
754.32631
25254.8687
20177.27709
18107.19320
8.26419
1374.30722
16919.31117
5101.27767
78.9896
6770.15238
21939.30591
6714.30564
15027.11236
20072.9228
3803.2118
15938.7832
3340.18262
14772.23271
20815.28097
6803.9291
27219.700
1902.26392
5505.32067
25399.28474
29599.18364
20771.23404
4237.11831
10621.4625
16831.16212
18164.32431
7062.28996
14660.3318
5065.13344
16113.13355
18128.5701
8692.28097
1017.31026
18672.3622
32011.13915
28586.19523
18514.701
12068.18444
18389.25757
25840.3043
14757.10442
10726.20339
22775.23290
3466.19441
21661.30112
28075.24276
13265.4851
1706.17495
5383.1472
14807.15393
31299.4870
28829.3331
29922.19055
85.29890
23226.30343
10908.4699
1300.12515
15992.30197
29791.3762
18012.5498
17053.8169
20366.26212
24385.7944
7429.4554
10552.25579
22792.471
29958.19413
504.20955
8692.24343
30546.14147
19970.10718
24682.29356
12330.18603
4301.16903
30543.15370
1957.2773
6057.10046
9099.18958
18110.15977
26452.5872
6274.21555
8733.7681
1790.30077
4769.15156
24868.27493
959.2250
28901.9100
5475.5606
6436.22726
19521.14494
4169.10214
21698.20556
6525.28595
24780.17791
22205.31719
5202.13644
7290.3352
21203.15867
18113.18521
1027.6414
21441.30416
17739.17233
31517.25318
5269.20511
29931.21974
28852.10866
23057.4511
5876.24910
24441.4319
20746.27317
20823.9615
9507.16122
29531.14089
14173.26839
11581.29300
24543.9571
3136.21268
21748.27073
9296.22236
22974.13181
17709.31977
22587.14494
7840.23926
21220.9556
22790.15249
13186.28902
5021.19600
28937.10741
5258.20927
29584.6513
28033.19691
3856.22804
13245.29206
26858.20575
11092.24582
13477.25312
30725.11066
14539.23099
32366.27156
20681.27898
7632.302
6578.28489
31899.31662
29681.26358
29276.20668
18012.2894
31887.22887
7891.30573
3672.3798
30881.19603
13692.13092
12845.15130
30315.14784
31787.6360
8844.23951
1399.22855
28159.13661
18997.24294
22332.26440
3821.8012
2537.26827
29664.28917
25024.24101
18170.2774
16465.21135
21232.24776
2382.20288
7504.22005
28604.21251
26310.20167
22292.27657
25939.16970
14436.5788
631.28914
5384.17876
31244.12763
30425.4322
25404.15125
11854.4287
21962.30984
5111.17347
5006.30018
2463.13486
16283.13961
32218.999
19400.8662
29704.27068
21261.681
30180.27029
28787.6700
16872.32381
30452.26106
21959.11175
24034.4214
28639.22133
9345.30369
30960.27712
27767.695
30906.16347
22879.17980
19214.371
4385.6897
14428.3645
13985.7999
15818.14956
10085.27349
2419.4839
31924.21137
191.16129
17899.4608
20163.9353
12462.32700
18198.21127
29921.4715
600.21340
14078.28068
29993.24425
15533.12266
21692.11311
31778.10994
26456.26836
20417.16575
13114.20221
16625.11190
759.14215
18234.1128
23725.4313
5317.7603
24050.27740
1463.23305
2051.26399
10574.3584
21805.25489
31256.14692
4454.28778
24782.18274
20283.23746
1761.16010
4388.3139
13210.3937
32484.23367
28409.8587
18052.23352
20324.24216
1460.18435
16993.3128
16133.1366
3535.26342
4140.17673
1533.9164
27844.10365
29392.916
7019.17958
1170.10529
9745.27928
23571.4962
18229.12335
12320.350
6775.28839
2850.14671
12631.29218
28271.2177
17265.25242
28579.19318
25444.24848
309.6479
113.6428
21274.22267
20391.2782
29931.9468
13845.29965
23462.8954
27382.18231
23706.10557
7188.839
31371.14029
574.21861
12064.10205
31913.15133
8393.5485
29443.20764
26400.5244
12883.17114
4807.13718
10218.10196
24830.11351
8100.5221
14855.20115
7409.24764
21440.11882
7517.10483
12736.11475
11586.17062
16126.610
6759.30816
28391.14807
25262.19953
3604.10559
6452.28658
9297.1810
23939.16743
31413.9613
14854.29598
9265.28581
22183.6904
19407.11319
18827.19575
13270.15533
9789.13215
23170.5971
25520.30060
12461.23127
11807.26021
5599.2421
31209.14394
16390.5931
18067.2685
21103.2086
914.12936
1297.1718
20814.5484
1340.15497
21902.8760
7414.29242
23734.19916
13076.8414
4543.17007
30752.32660
5465.10419
16653.4410
7112.25042
11023.14843
3855.24991
14607.13680
7855.769
24035.29686
6085.26695
2335.10211
25492.13351
25872.7809
5229.27447
922.28080
27223.17814
9093.16657
25707.558
8853.25739
25288.21178
16682.27004
30499.9248
18431.1577
25415.4493
20856.17058
29902.27574
20367.7561
9943.19397
15463.4683
24976.9310
20974.27851
11206.27638
23029.3139
16940.23749
19941.21668
14992.884
5617.3282
11460.17698
31832.24904
15217.21069
26166.14036
5238.9463
22207.23115
19130.14135
7570.31245
12490.15262
897.17074
10818.18814
29940.24332
22649.577
16116.20046
14950.409
10223.9313
3514.19758
17726.8317
13103.24984
2691.11253
17595.6386
1307.5034
31800.15445
13346.26128
20959.21399
17882.6439
20849.8732
6222.5449
14557.5723
19735.15191
10823.7427
9183.21005
18932.29809
24725.30670
3192.12032
31017.20086
31743.20569
13961.856
20609.11153
31041.19582
4917.29022
2224.7691
15591.23450
606.16977
9030.32236
9359.9892
8620.11784
24096.11296
21821.25834
30797.15318
19954.3459
18466.20734
4471.2482
9144.21156
17818.6423
4749.23197
17480.22777
23716.13975
4849.20329
29466.226
31140.16038
24304.13888
25532.10857
9324.29038
18709.11968
4158.10818
31944.3592
352.5275
29652.3613
10326.9423
8071.16761
7980.1156
18611.8526
32745.84
6688.15144
20032.15197
20352.29219
22580.13081
2676.24776
24135.14814
10344.29942
4144.13786
22639.4228
8608.21610
9336.24447
32612.14570
781.10228
566.11493
10127.21696
9743.2128
21984.15989
23240.27847
23720.28833
13179.4219
1629.31861
10068.3444
6670.13580
14602.17713
10340.26177
31779.24858
23284.4675
13358.31740
30670.12228
32567.23977
17341.19197
19659.24503
7880.30389
2222.5260
29062.1206
13136.6450
20809.23125
6145.28778
24710.22104
10957.24478
10036.21393
5479.3715
25583.2607
6179.28597
25907.31622
17021.15914
18411.26954
27931.16061
30704.5483
20718.2593
1078.79
12221.412
25823.29887
26199.23690
2888.24168
25999.4853
5877.4491
30476.20256
2459.25094
30946.15691
4650.3660
32471.18339
15229.12197
10663.6274
13623.20718
11643.16441
12152.28921
22641.390
22329.24807
981.12824
25303.21018
2082.12879
11209.31809
29740.13071
3107.25351
7113.369
11784.19250
10639.13901
10287.11474
17876.6306
6525.10909
24838.11108
29000.24377
14566.10956
16973.5700
13130.17613
32091.6062
22964.29764
14081.22463
30394.5583
24813.14746
9544.26708
1549.6887
9407.23768
23554.27310
29623.1048
20131.15683
18742.8938
20660.19404
7571.29742
26710.7114
30060.1625
6328.31219
31084.24629
1008.15028
7549.4178
1133.16946
27063.18541
12763.32283
951.27494
12922.17276
152.19865
8009.31619
10206.6651
2262.24787
2413.12857
19757.10595
14355.13826
21051.4011
13.29105
12608.3476
15733.27868
16423.17457
16386.17632
5455.10399
32346.30638
13418.18031
5136.29097
21813.12074
7611.29687
27735.3749
6485.5175
9731.13093
16509.4587
23491.20000
30180.7984
19864.14575
16182.1864
24390.5523
17439.23588
18445.18176
27569.6759
7705.23006
13819.31781
26162.32268
16356.7597
10899.8155
26426.9063
26732.25203
25560.21896
14666.3296
6992.7963
27996.28649
22640.21602
21433.14359
30590.14189
14219.10787
16161.3092
32451.6101
28430.6580
13152.1830
21109.4240
14166.20114
6349.30620
23671.8196
13877.8470
1881.7669
18965.20828
17035.24760
27512.17124
25475.24069
31306.13776
23161.20415
1886.13806
28930.21938
29674.32147
10539.284
31377.6377
29972.30295
17372.2919
7582.7441
14528.13602
20623.23935
21535.19093
18532.12018
16747.3838
9953.9181
22866.17343
17921.20405
28367.28565
24641.29609
28557.15460
2057.2565
23025.23570
8368.4212
14960.18289
27910.307
2353.13260
6466.8842
12752.5416
30851.16653
26734.6357
29699.7322
31490.6192
19231.9298
14125.16964
26696.29748
21706.24346
22969.30846
4356.27839
11540.31720
25721.28723
7278.1140
19001.23026
15423.17478
24298.22670
26685.142
1574.1112
29877.21353
10032.27972
32081.26555
26908.25617
25793.29391
13544.21517
8749.5982
7130.29851
29863.30107
21054.15027
8171.19453
23207.389
17234.30448
12542.9430
8517.17507
21085.9679
22176.8718
14539.9126
14963.25779
4281.6210
15945.23375
29655.14522
7211.6352
21290.25835
10243.9456
29709.24139
20793.3930
14229.26919
336.27897
11283.29745
26604.20618
14151.11484
10569.18375
24392.14842
12644.10782
4991.2919
18184.4568
25207.11309
26787.14576
3539.30392
30662.23940
29562.16247
7583.5041
24831.23724
19305.12429
30724.15899
22841.20295
25811.10851
31524.30196
275.31407
13102.4521
954.62
21231.32612
26649.22643
8416.18645
20015.24425
7611.12362
12858.31555
2677.30781
16222.25397
1913.28067
28331.2397
18896.1630
23250.22290
13984.20514
26005.3880
16591.29263
18277.8863
29370.20627
8828.14544
1668.11555
1645.21864
22516.26707
14823.24233
12194.3373
28440.11368
12904.7115
2865.30499
13653.10352
10727.9503
3447.16019
10659.16411
3805.1056
3242.3326
20950.26703
32419.26653
18628.18451
13398.25646
18474.21846
25265.26916
551.30808
12069.29388
20617.27664
16855.27105
14588.30201
29765.6127
27392.15087
1648.16576
20035.20612
31702.18823
25125.30259
6318.14711
8113.17280
17250.16605
22069.15115
4336.29668
4988.19744
10846.14479
24975.30552
1314.12481
30942.27106
27731.5305
14376.25904
16001.13320
1538.27837
29491.21761
10933.32138
18145.29849
31654.25768
29847.27382
17411.7856
27294.8330
7501.18406
348.20989
24508.31026
5803.6799
13198.21279
17177.19964
20.9590
31432.19172
26276.18399
9978.2906
21864.12894
6033.25720
192.25266
32226.8447
18476.16416
21857.17814
5487.27963
6756.30691
7002.17977
17120.10872
13644.19740
12160.12492
3700.15833
16212.28994
17037.18288
10644.32407
14600.10541
24512.32603
22456.15754
8815.693
857.11733
14172.11368
17179.3641
16373.5149
12253.28947
28777.28710
6843.15298
10573.30841
16659.7365
22391.32485
29829.10496
26886.5839
24875.14222
23900.21061
253.22623
29571.7180
22384.29190
14772.16051
29536.6621
15858.19058
29735.15723
18163.2985
26749.17072
10174.6577
5845.2051
28951.32399
14534.10371
12376.29619
25691.12630
18416.25979
30280.1642
23504.20646
2840.29865
30847.5207
27039.22958
19521.18696
5331.13426
15194.3372
10971.1472
26024.15179
5320.3248
26953.2422
139.11249
29997.29415
21809.1396
18798.16176
29534.19457
12914.20745
10925.17758
4218.6626
544.28692
6275.31693
7267.18270
20250.7161
25978.17149
13789.11516
17905.29251
30729.15565
31595.16220
7106.25649
9277.10810
21416.31661
21923.2816
9773.12360
11220.1738
12646.18510
25144.16713
22180.3516
30321.22409
30434.27207
253.13453
20385.6192
16207.16202
25091.14127
27398.23710
32701.5277
19428.4360
4872.9982
29959.28776
6203.7415
21717.5450
3464.2199
19865.6488
12101.17094
22231.5659
9978.11328
8092.15067
27074.30665
2912.16535
14064.31894
11682.29003
16978.4846
8905.5236
13280.22076
832.14939
13941.30437
24596.29819
5266.4715
4855.22585
20935.6710
10472.25101
1347.28758
18927.6157
12160.30581
20813.14198
4715.4537
29759.11723
10897.18111
30289.29422
9670.20067
24826.1572
9255.28339
15284.3038
29935.28483
11976.31229
